TOWN_ID,TOWN,VMT_SOV_AM,VMT_SOV_MD,VMT_SOV_PM,VMT_SOV_NT,VMT_HOV_AM,VMT_HOV_MD,VMT_HOV_PM,VMT_HOV_NT,VMT_TRK_AM,VMT_TRK_MD,VMT_TRK_PM,VMT_TRK_NT,VMT_TOTAL,VHT_SOV_AM,VHT_SOV_MD,VHT_SOV_PM,VHT_SOV_NT,VHT_HOV_AM,VHT_HOV_MD,VHT_HOV_PM,VHT_HOV_NT,VHT_TRK_AM,VHT_TRK_MD,VHT_TRK_PM,VHT_TRK_NT,VHT_TOTAL,VOC_SOV_AM,VOC_SOV_MD,VOC_SOV_PM,VOC_SOV_NT,VOC_HOV_AM,VOC_HOV_MD,VOC_HOV_PM,VOC_HOV_NT,VOC_TRK_AM,VOC_TRK_MD,VOC_TRK_PM,VOC_TRK_NT,VOC_TOTAL,NOX_SOV_AM,NOX_SOV_MD,NOX_SOV_PM,NOX_SOV_NT,NOX_HOV_AM,NOX_HOV_MD,NOX_HOV_PM,NOX_HOV_NT,NOX_TRK_AM,NOX_TRK_MD,NOX_TRK_PM,NOX_TRK_NT,NOX_TOTAL,CO_SOV_AM,CO_SOV_MD,CO_SOV_PM,CO_SOV_NT,CO_HOV_AM,CO_HOV_MD,CO_HOV_PM,CO_HOV_NT,CO_TRK_AM,CO_TRK_MD,CO_TRK_PM,CO_TRK_NT,CO_TOTAL,CO2_SOV_AM,CO2_SOV_MD,CO2_SOV_PM,CO2_SOV_NT,CO2_HOV_AM,CO2_HOV_MD,CO2_HOV_PM,CO2_HOV_NT,CO2_TRK_AM,CO2_TRK_MD,CO2_TRK_PM,CO2_TRK_NT,CO2_TOTAL
2,ACTON,74826.98148,168574.4667,100619.3249,128068.9673,17112.03739,54820.58844,32240.76728,40954.25693,12572.26457,34776.15496,18477.75874,16783.64589,699827.2147,2253.189745,5961.262534,3760.597522,3571.824813,522.698892,1942.523435,1201.475585,1146.883391,363.304904,1129.824932,628.056333,441.900932,22923.54302,6.248692,15.922658,10.0226,10.282945,1.439007,5.184916,3.212525,3.296735,2.971502,9.108836,5.101936,3.661117,76.453469,28.422898,65.118622,38.936116,48.267171,6.492559,21.184538,12.4913,15.43839,25.179959,72.257947,39.032508,32.460123,405.28213,187.208426,564.904973,382.286311,328.165989,42.436549,183.562139,122.522474,104.576191,46.547965,164.440912,96.96941,62.892451,2286.513792,29627.21026,75276.99445,47542.36344,49746.21772,6807.989467,24505.7946,15241.41097,15940.39534,8099.452942,24825.26908,13877.43588,10518.4813,322009.0154
10,ARLINGTON,72091.28624,104942.7543,69883.51561,80523.47397,13190.86289,33764.30382,14688.15392,25139.43406,11084.90077,31281.58981,15696.37773,14772.4275,487059.0806,2347.564294,3327.051536,2326.572453,2303.472913,416.949992,1076.181989,484.278086,724.528709,367.35971,1014.491883,516.58631,428.544231,15333.58211,6.224514,9.266719,6.48239,6.513057,1.130211,2.989359,1.35354,2.037997,2.878471,8.14578,4.201946,3.479019,54.703004,27.291694,39.568228,26.551939,30.002742,5.027078,12.708561,5.546013,9.330707,23.251962,64.872553,32.886587,29.442479,306.480546,182.259184,338.435608,259.149892,204.917061,33.272713,108.231023,53.924644,63.355172,42.322503,145.20209,81.353393,55.515792,1567.939076,29332.34638,44605.8755,31259.98846,31401.26223,5344.109838,14381.62208,6530.186183,9819.546902,7494.307581,22221.61687,11620.95572,9542.753882,223554.5716
14,ASHLAND,49803.63466,132992.9624,73738.45982,91539.97119,11105.86247,45300.41282,22403.69315,30594.64399,7119.719765,19234.18797,10813.59583,9039.08106,503686.2252,1731.693052,6102.946009,3406.796771,2973.756366,390.889903,2081.660808,1043.9536,992.426525,236.217271,840.200184,520.909366,273.650396,20595.10025,4.464611,14.614725,8.320986,8.014101,1.001236,4.9825,2.542015,2.676991,1.850796,6.213797,3.893017,2.203806,60.778579,19.024668,53.786934,29.797001,35.149972,4.232855,18.319662,9.060701,11.747709,14.943712,44.631813,26.356307,18.648182,285.699516,125.76775,482.792935,303.220917,239.020161,27.931715,164.457519,92.366962,79.864407,27.365151,100.73501,64.400453,35.483167,1743.406146,20680.01072,67229.88439,38685.38322,37565.00546,4626.854265,22915.22651,11807.69222,12549.68301,4817.192907,15578.25653,9587.268722,6043.796937,252086.2549
23,BEDFORD,86105.60447,137113.1446,89938.52946,103311.149,13562.98892,36663.26486,19839.56493,27889.02296,15747.48335,46720.93787,18073.2477,23369.31065,618334.2487,2670.602685,4192.472163,2893.890559,2570.030363,417.122847,1157.911164,641.192595,724.819147,465.978219,1305.424726,574.277743,538.766545,18152.48876,7.350432,12.177861,8.332603,8.082094,1.153006,3.30363,1.850586,2.208296,3.76342,10.905637,4.71595,4.623403,68.466919,33.283624,53.498843,34.828328,40.495855,5.241776,14.283177,7.710937,10.820384,31.884168,93.34658,37.330504,44.950249,407.674425,223.402878,464.274305,342.998163,271.376712,34.972875,123.513982,75.750326,72.3868,59.455041,218.110314,93.874939,86.465395,2066.58173,34741.27075,58527.71053,40149.4277,39642.75047,5454.442255,15817.81148,8902.406003,10768.64522,10251.25693,31723.96742,13195.17443,14398.6145,283573.4777
25,BELLINGHAM,92869.54826,206540.6303,122954.696,159543.1467,17141.79934,66486.96428,33988.27849,50535.28358,19892.60807,59234.30522,29581.10996,29542.07014,888310.4403,2743.289204,8454.15201,4702.354589,4451.550873,526.024375,2856.085202,1380.051991,1449.460359,589.025119,2206.372527,1187.899546,755.051308,31301.3171,7.839592,21.521556,12.648899,13.168073,1.463954,7.096897,3.60389,4.19893,4.701053,16.873827,9.191358,6.32077,108.6288,37.035483,84.716849,49.784535,62.668292,6.776089,27.183906,13.761807,19.692934,40.942448,131.725937,67.628685,57.896083,599.813048,238.739105,749.603615,495.664882,418.501246,43.669818,241.772409,137.648868,131.250712,74.692888,295.169412,167.623483,109.700526,3104.036965,37410.96901,100671.2577,60140.08081,63476.22382,6950.673674,33002.05073,17028.0171,20189.11399,13101.74551,45263.22989,24237.10636,18649.65698,440120.1256
26,BELMONT,46154.20858,65943.22408,39881.0848,49304.18471,7307.437389,21485.26955,9291.351102,15870.26653,7916.164852,23017.53533,11204.78298,11255.97616,308631.4861,1832.352326,2438.55322,1484.851017,1483.35834,286.673081,799.027718,345.109842,479.654015,316.659916,890.218172,413.655353,348.252278,11118.36528,4.247633,6.221199,3.915072,4.13254,0.677541,2.0362,0.904216,1.331364,2.185021,6.546471,3.135796,2.800365,38.133416,17.988145,25.474462,15.449678,18.446695,2.843792,8.296816,3.608952,5.940757,17.162816,50.038191,24.049136,22.930506,212.229945,121.577111,220.608638,150.518166,126.464271,19.050592,71.762118,35.234352,40.81136,31.275483,111.519734,59.537345,43.227196,1031.586366,19622.3169,29381.72055,18593.99808,19604.30934,3122.988073,9606.246673,4304.784757,6314.104301,5543.004101,17223.07552,8530.370025,7450.040195,149296.9585
30,BEVERLY,80738.67516,237863.8333,123266.2376,200160.6681,15600.31083,79206.6136,32844.75634,66463.314,16589.69174,47756.14897,20513.56995,21068.32401,942072.1437,2242.931515,12208.45587,4984.419832,5302.798963,428.526612,4049.821695,1324.11444,1730.794505,440.919351,2333.089028,809.557135,541.824897,36397.25384,6.485557,26.285959,12.440129,15.9479,1.243126,8.720104,3.31181,5.266962,3.635507,15.703704,6.219802,4.48589,109.74645,30.961918,92.595588,46.510315,77.470282,5.970104,30.75661,12.383214,25.809278,32.53449,111.456228,45.421675,40.770169,552.63987,204.926266,839.68416,460.550922,538.566714,39.726629,279.128925,122.700199,179.794269,61.075841,240.364599,109.223781,80.161352,3155.903656,31280.68218,121287.4016,59175.65167,77706.66223,6005.362252,40274.25125,15758.43763,25722.67963,10412.62445,38792.80992,16237.43162,13192.35888,455846.3533
34,BOLTON,102311.3876,152064.86,122366.7953,114245.7498,16707.99742,38352.92392,30764.31996,28907.99178,16227.87831,46868.40324,24356.77675,21873.59428,715048.6784,2417.458021,3814.265942,4017.886577,2487.047724,453.143785,1084.490302,1206.804978,681.111994,407.510811,1154.585092,644.112062,451.52604,18819.94333,7.981993,13.135935,11.685299,8.846648,1.357466,3.409662,3.18703,2.258175,3.36996,10.09072,5.502301,4.076933,74.902121,41.933091,64.374178,49.774187,47.244276,6.680949,15.776877,12.45549,11.633104,32.314498,96.024732,48.956211,42.294855,469.462447,270.717889,547.636534,492.354267,316.976345,43.13959,134.079876,124.279531,77.407028,59.59306,227.558887,126.724346,83.186677,2503.654031,39361.02757,63878.85257,56543.47011,43774.69724,6574.070088,16428.3947,15151.45011,11122.60863,10242.56305,32036.54568,17037.57775,13435.1492,325586.4067
35,BOSTON,800770.3072,890131.12,697083.8554,667360.0805,188126.9472,334212.6549,195902.8189,233725.3369,230432.7656,666016.3446,284724.1461,306956.3224,5495442.7,29429.07144,29514.36907,23629.674,19610.89338,7121.147086,11645.79322,6952.597162,7192.810017,9113.538656,24967.76293,12135.65599,10556.39742,191869.7104,73.91032,81.675308,66.21525,56.1883,17.795696,31.625392,19.15759,20.085484,69.049903,195.482128,93.440566,82.285357,806.911294,307.599874,344.070364,269.609671,260.905889,73.235949,130.278944,76.595592,91.275692,520.245329,1474.764156,660.381236,660.034805,4868.997501,2113.922358,3055.482916,2697.435109,1847.063035,506.780197,1160.263659,771.257567,650.083576,949.314594,3342.318749,1613.02102,1272.193733,19979.13651,343245.9935,390543.9533,318874.767,270033.2606,82244.22673,150316.353,91806.5027,95911.41018,169116.5203,509783.1728,237869.3881,215902.0505,2875647.599
37,BOXBOROUGH,67497.303,99174.37629,78528.93499,66550.29032,10646.34924,23338.61326,18842.3703,15813.38011,9118.179355,26602.82127,16015.34787,11207.99277,443335.9588,1377.915478,2267.778042,2024.245167,1342.848065,260.114536,608.539971,574.8588,351.254938,182.217485,520.814374,372.195405,204.453988,10087.23625,5.070496,8.407122,6.778195,5.20278,0.849731,2.042256,1.731804,1.256948,1.643345,4.954461,3.305139,1.956173,43.198448,28.155335,42.949601,32.011825,28.724105,4.37422,9.857615,7.600761,6.672924,17.518131,52.820454,31.125343,21.832961,283.643275,181.316987,366.207585,310.313338,196.057222,28.136991,84.085801,73.820962,45.35699,32.726125,128.58775,81.815392,44.075812,1572.500955,25397.3139,41068.02035,33526.42592,25676.87299,4154.055594,9871.007196,8422.135799,6156.785808,5503.114089,17386.71386,10748.26588,6879.029951,194789.7413
40,BRAINTREE,153546.8937,233571.7941,156039.4599,174604.4064,27544.09464,62179.02259,32652.32042,47358.61083,40228.91011,114371.4695,41017.64334,52662.12637,1135776.752,6333.083436,8470.156704,6319.650977,4011.033293,1097.501706,2290.970859,1283.918451,1119.100823,1532.499586,3987.354251,1743.952104,1190.498434,39379.72062,14.862244,21.827334,15.8987,13.125694,2.617412,5.856576,3.251592,3.581816,11.579208,31.220067,13.05377,10.239813,147.114227,58.085549,87.710286,59.156295,67.711291,10.354624,23.384734,12.374008,18.259249,88.242246,242.3754,93.159693,98.732525,859.545901,400.995108,769.560529,595.702889,459.760654,71.411778,204.274223,124.148271,123.303105,158.922526,540.827579,223.552156,191.863326,3864.322144,68278.73245,103861.0135,75744.96028,65418.28623,12084.44173,27801.5873,15549.47329,17804.66481,28636.64403,83227.09677,33496.23785,31717.74715,563620.8854
46,BROOKLINE,68028.96906,63441.35564,48502.25873,48515.71604,12604.83024,25092.81116,11658.0023,20063.24315,12948.2267,37538.42184,24276.83677,19646.60486,392317.2765,2652.852459,2310.611919,1873.466847,1570.799356,486.663711,912.130754,445.039164,643.365517,509.625116,1397.035106,948.421244,674.426116,14424.43731,6.351225,5.924273,4.867748,4.179801,1.179796,2.338541,1.155136,1.720775,3.827132,10.864597,7.426134,5.256877,55.092036,25.472884,23.558795,18.431923,18.202197,4.777122,9.300447,4.411873,7.516415,28.765621,81.867215,53.791648,41.653744,317.749883,168.877284,200.752952,179.783424,128.881999,31.560822,79.625962,43.07226,53.42493,51.3806,178.836117,128.381667,78.977376,1323.555394,29329.89353,28177.45488,23125.92929,19800.74711,5448.609122,11126.35029,5502.266856,8161.970732,9339.974236,28193.17775,19247.93516,13597.78072,201052.0897
48,BURLINGTON,155501.8616,222104.4635,154997.8635,164164.7652,21890.45324,56153.49164,29871.37317,43184.34267,36743.45196,108456.8345,43229.237,51310.25545,1087608.393,4635.84941,6371.389563,4627.884239,3732.158677,649.183977,1688.128728,921.145971,1015.330874,1041.885696,2878.679332,1220.219785,1087.341013,29869.19727,12.955308,19.190016,13.978264,12.426069,1.815472,4.943073,2.738678,3.298528,8.28584,24.417849,10.362116,9.654905,124.066117,60.899628,86.770705,60.62039,64.285197,8.536322,21.849976,11.660844,16.804819,73.244566,214.302048,86.883318,95.636907,801.494719,412.128821,755.698368,604.287496,437.188298,57.44339,189.70118,115.960446,113.884477,137.692575,502.479072,223.180001,187.75857,3737.402694,62084.68058,93245.18658,68053.71552,61838.4919,8707.662316,23885.60232,13283.64766,16349.57943,23477.57394,72609.98026,30442.33436,30693.18954,504671.6444
49,CAMBRIDGE,97171.54302,95372.66121,73848.91872,57430.67973,18304.30623,32190.84119,17461.09273,18494.32394,28514.74795,82914.2886,41766.44121,37627.92382,601097.7683,4126.355548,3744.495344,3038.439376,2174.297976,780.249446,1287.649632,730.852499,717.894269,1262.473022,3572.930304,1791.56131,1572.665666,24799.86439,9.607004,9.324098,7.615354,5.290058,1.823538,3.188812,1.816063,1.724186,9.198923,26.868816,13.57957,11.413181,101.449602,37.194326,35.948415,28.050338,21.505401,7.08102,12.244604,6.695152,6.977749,66.427726,191.098225,95.728552,84.816841,593.768349,253.506506,312.22794,276.440964,151.062553,47.996128,106.397816,65.89991,49.098237,119.986058,421.734894,231.300098,158.989066,2194.640171,43708.38845,43805.0882,35958.90097,24513.18002,8286.821331,14942.12111,8560.16318,7967.521501,21719.65555,66679.59404,34479.9554,27948.63403,338570.0238
50,CANTON,163226.2178,255968.0394,156072.2849,190363.7098,26686.19843,68205.1417,34302.67501,50055.83467,38924.93637,104319.1546,51674.54364,49345.3167,1189144.053,5468.941973,7982.50112,5151.083726,4398.340834,891.51532,2199.851285,1153.871271,1185.455644,1263.117927,3254.897348,1580.20871,1118.887309,35648.67247,14.637684,23.129024,14.65517,14.670944,2.385013,6.251953,3.242566,3.872484,9.77216,26.049653,13.008361,9.644468,141.319482,64.923173,101.83607,61.740334,76.233614,10.597056,27.057969,13.547426,19.875929,81.807707,216.395819,106.27527,94.472799,874.763165,444.84796,896.163786,615.437132,519.587064,72.08309,237.9042,134.842445,134.906848,151.330949,499.188073,271.173877,183.94417,4161.409594,68854.77488,111483.7111,70943.91994,72758.74266,11234.60307,30017.54365,15676.79126,19169.35175,26312.95711,73866.45742,37411.83776,30274.81673,568005.5073
51,CARLISLE,24222.71011,54394.106,33575.15803,30543.59951,4746.170218,16849.94861,9107.134073,9435.88049,1139.319703,3254.919439,2064.011738,1388.682841,190721.6408,824.970359,1889.596913,1218.693578,978.102317,160.628545,586.546745,329.897298,302.367602,39.272011,112.139654,74.476613,45.012937,6561.704571,2.12173,5.011405,3.23978,2.580788,0.414325,1.55471,0.877929,0.796498,0.30343,0.884024,0.593775,0.353289,18.731683,9.009202,20.306429,12.637733,11.16683,1.763435,6.293442,3.425085,3.444098,2.380432,6.789969,4.434625,2.805661,84.456942,57.328828,168.145442,118.662505,74.336201,11.199822,52.141758,32.182261,22.975333,4.238302,14.798735,10.598069,5.210615,571.81787,9862.022407,23658.97322,15346.60016,12183.19362,1927.429228,7336.560922,4158.38398,3758.646949,771.090319,2337.954695,1579.303695,919.551849,83839.71104
57,CHELSEA,36167.34841,41592.98022,29288.90491,26785.97354,6023.454239,11773.52898,5651.459676,6868.728025,9253.693645,25499.02376,15640.32079,10960.86672,225506.2829,1143.824508,1224.495485,953.298923,759.045467,190.501352,354.467647,181.966451,204.482314,293.660747,789.901318,472.760597,334.353961,6902.75877,3.071553,3.613199,2.693662,2.229017,0.508683,1.041055,0.530546,0.593014,2.325238,6.450375,3.938346,2.687408,29.682094,13.677099,16.110065,11.134979,10.486644,2.269982,4.596617,2.206875,2.721263,19.204709,52.525358,31.922939,22.523773,189.380304,92.082691,142.878235,109.952039,75.41023,15.416049,40.32667,21.36,19.164617,35.544261,121.211493,81.34078,44.094644,798.78171,14546.60456,17447.65567,12992.5276,10685.98194,2405.045335,5014.073013,2559.905029,2825.253325,6180.478858,17947.54571,11236.39153,7329.883593,111171.3462
65,COHASSET,14182.90679,49714.21673,24152.44644,36135.38068,3144.085685,16848.79799,6749.93748,11897.26252,2062.877626,5945.105081,3049.804095,2719.342692,176602.1638,444.35947,1817.916758,834.930635,1073.789978,96.618672,614.145429,235.98729,352.946143,65.482222,228.177295,111.074969,82.563597,5957.992458,1.184446,4.706855,2.294787,2.934285,0.259721,1.592525,0.638619,0.964635,0.517896,1.76304,0.892986,0.658772,18.408568,5.210475,18.886032,9.079544,13.178698,1.153454,6.39607,2.532967,4.34152,4.177271,12.994978,6.567202,5.372238,89.89045,32.491663,157.510961,84.840967,85.466209,7.144589,53.322347,23.633054,28.088952,7.383869,28.691129,15.870912,9.883918,534.328571,5598.117954,22214.14929,10952.22948,14129.36195,1233.528246,7518.91528,3050.386044,4649.848522,1350.714536,4512.999377,2351.941514,1758.68009,79320.87228
67,CONCORD,92471.53425,153588.1671,96703.07267,117040.6538,17752.65802,47469.2064,25757.49479,35912.73333,14670.07807,41544.35293,20417.75075,18993.02368,682320.7258,3715.271727,5967.387172,4060.539223,3350.997326,703.41017,1851.864557,1073.8176,1036.971136,600.475852,1604.8351,909.887433,508.500555,25383.95785,8.458388,14.723249,9.903451,9.535534,1.619972,4.564285,2.626865,2.934549,4.111625,11.706921,6.365163,4.228286,80.778288,34.827847,58.87141,37.396268,44.178524,6.698045,18.207187,9.957746,13.527241,31.924316,89.738323,46.312318,37.143872,428.783096,232.912399,511.22226,369.466279,303.537412,44.610859,157.480072,98.045242,92.32432,57.44711,201.251424,112.632329,72.404733,2253.334439,39247.12874,69524.22736,46893.59145,45991.87015,7517.490196,21533.5956,12444.11127,14141.88371,10332.89997,30932.62892,16591.64452,12057.6251,327208.697
71,DANVERS,145808.5059,272392.3695,160954.1231,196828.72,23052.34784,78396.41181,35993.60196,57267.41476,26625.3795,75623.0103,37263.37491,36192.23571,1146397.495,3739.557021,11068.23538,5048.650048,4889.935263,591.489385,3271.824213,1151.376612,1445.808983,732.388537,3120.522361,1177.45734,884.749241,37121.99438,11.409225,27.617558,14.608945,15.303638,1.803537,8.046383,3.277002,4.467547,5.990608,23.19995,9.545492,7.467378,132.737262,56.720668,108.339386,62.395169,76.604957,8.968872,31.07127,13.897941,22.186525,52.868697,172.71722,77.213459,69.578905,752.563069,368.271046,952.579773,600.609902,518.510285,58.023473,273.445131,133.368609,150.0796,96.727569,374.473855,190.875552,133.922842,3850.887637,55875.61857,130458.3601,71438.90798,75433.41389,8836.315391,37892.42924,16011.88038,21983.35949,16935.00209,59775.62229,27209.65986,22435.14777,544285.7171
73,DEDHAM,152596.8563,198786.2207,132176.7288,131527.4462,21257.57976,50820.47905,24689.81572,35594.47101,30089.05249,85277.51511,47042.5418,38015.85682,947874.5638,4064.8279,5178.928789,3563.318372,2980.645296,579.925711,1404.334882,678.381006,842.172975,760.649041,2096.429886,1202.859127,811.467511,24163.9405,12.309262,16.561443,11.426302,9.858201,1.727516,4.318481,2.151868,2.695388,6.390642,18.143935,10.443944,7.127379,103.154361,60.147261,78.371601,51.996664,51.071685,8.347747,19.873369,9.674687,13.700348,58.751033,165.114697,91.925528,70.362616,679.337237,407.902328,683.881057,518.247081,348.775275,56.383726,172.481074,95.927042,93.096409,112.019126,391.749184,241.83271,139.151274,3261.446285,59500.60041,81294.06776,56076.73098,49199.93826,8325.204237,21051.38816,10535.789,13388.43557,18764.14138,55724.67198,32003.69792,22597.56611,428462.2318
78,DOVER,34605.89074,86218.31839,48304.92639,55642.47858,7439.213739,29180.68174,14431.48077,18636.68656,2034.413195,5751.141468,4279.317261,2364.642352,308889.1912,1298.443581,3561.315419,2003.642754,1755.607597,272.670735,1203.653413,611.63345,590.258885,73.760316,231.550538,183.700812,74.404855,11860.64236,3.193755,8.786035,5.133965,4.681734,0.678177,2.970037,1.537597,1.563561,0.560852,1.750752,1.409479,0.586221,32.852167,13.12893,33.454665,18.873272,20.345691,2.81721,11.318175,5.63942,6.800318,4.318553,12.745067,9.88143,4.720202,144.042933,85.674387,288.35994,184.199516,135.120927,18.193168,97.488772,55.187676,45.220417,7.724257,28.03926,23.966295,8.738912,977.913528,14705.75004,40820.36121,24010.78575,22160.58113,3135.262312,13801.57673,7187.720717,7403.808936,1402.610497,4432.680502,3563.150029,1543.777006,144168.0649
92,ESSEX,14455.51659,53270.51387,27656.72774,35948.65726,3400.307568,20150.35063,9091.798316,13179.85346,1702.006273,4951.134075,2575.814732,2211.285218,188593.9657,481.417036,2982.843788,1418.65794,1129.927333,113.24936,1132.87016,468.484251,412.722459,54.98667,285.8221,139.228797,69.094593,8689.304486,1.259904,6.85353,3.294431,3.027739,0.297046,2.599663,1.086336,1.108067,0.434231,2.108344,1.010171,0.548207,23.62767,5.433945,22.059588,11.145902,13.253008,1.281,8.348246,3.667526,4.856229,3.518112,13.39616,6.539315,4.490647,97.989679,34.859251,206.343491,113.189692,89.660006,8.206786,78.152966,37.266952,32.891045,6.350249,28.617737,15.601475,8.425892,659.56554,5865.130265,30882.21007,15235.07636,14285.75674,1382.593636,11710.4577,5021.845295,5229.032557,1134.807135,4773.592289,2401.645994,1459.304605,99381.45265
93,EVERETT,35367.92078,44128.76573,34541.87057,35020.86195,4625.422461,11765.72485,5679.472395,9859.215221,8707.84835,28233.51895,10718.45533,13822.63641,242471.713,1487.351505,1672.61544,1350.811976,1205.721305,188.452003,459.453811,224.697878,343.578899,352.47875,1093.216629,416.495089,473.106015,9267.9793,3.423011,4.278728,3.487063,3.107643,0.439432,1.164761,0.580173,0.880213,2.602366,8.484593,3.280192,3.66213,35.390304,13.472255,16.784171,13.189825,13.295723,1.751482,4.521669,2.183807,3.748352,19.461095,62.528213,23.854861,29.067933,203.859386,91.165492,145.233841,129.395846,93.684466,11.861007,39.170011,21.394712,26.459743,34.996586,137.259676,57.698,55.301952,843.621332,15662.51015,20155.02584,16517.25832,14571.44476,2015.351193,5463.204758,2743.453677,4121.391914,6327.421495,21671.38046,8529.033986,9500.39964,127277.8762
99,FOXBOROUGH,178515.6115,297911.0466,204916.7997,246076.5459,31890.71661,84505.4646,54727.14999,67817.19699,42136.58604,116296.4217,50052.96354,58973.46198,1433819.965,5189.40962,8224.405959,6578.93393,5041.544137,934.566431,2404.012954,1812.44825,1452.162024,1164.742935,2901.264683,1515.220231,1047.435029,38266.14618,14.628352,25.349895,18.756901,18.91055,2.618986,7.256209,5.076789,5.244304,9.642928,25.706939,12.706541,10.048355,155.946749,67.359803,115.579503,77.897615,103.715787,12.053237,32.604353,20.821616,28.252253,84.512696,228.489589,101.748911,113.617591,986.652956,447.784361,1004.904463,767.398015,700.584679,79.632613,282.303324,204.970227,190.339584,156.418622,538.182551,255.568008,228.119772,4856.206218,70389.99065,123480.8279,90990.85757,93994.75892,12575.81085,35237.41042,24547.30042,25986.55186,27038.68695,77233.40412,35896.6375,35775.15202,653147.3892
100,FRAMINGHAM,296286.1907,565856.7143,345425.1451,446831.3336,59731.373,192255.9262,103277.2206,143432.5452,53799.60126,153338.3365,60935.29894,75012.65782,2496182.343,9521.319311,21319.88302,13440.67938,11588.06907,1931.694486,7325.856002,4074.289671,3784.763147,1738.320684,5753.295555,2559.969357,1880.920592,84919.06028,25.416195,55.597495,35.123096,36.072648,5.142741,18.98805,10.582535,11.62534,13.693029,44.895669,19.670401,16.048223,292.855421,112.723137,221.276175,134.635507,176.610369,22.718691,75.051793,40.269343,56.421175,111.73701,338.880871,139.407318,148.16229,1577.893678,762.933406,1986.679809,1367.116997,1221.985361,152.780255,673.14356,408.822283,389.712037,205.803931,762.265772,336.887357,289.192177,8557.322945,120077.4086,262148.7799,166848.1433,174940.2343,24246.14629,89416.17577,50201.87247,56280.60954,36023.06133,117090.3494,50147.36678,47659.42776,1195079.575
101,FRANKLIN,116932.3258,248492.9649,158858.7556,184786.5427,21920.13264,75483.0759,41783.28043,56688.50803,25110.24354,72138.40796,33555.74171,33963.99962,1069713.979,2937.86525,7647.815124,4961.164463,4595.868253,584.740391,2446.597989,1363.170687,1458.752868,612.599552,2058.265417,982.563454,778.480193,30427.88364,9.286038,22.244997,14.664807,14.89858,1.766185,6.88162,3.926743,4.597025,5.154851,16.690553,8.171023,6.821942,115.104364,47.270262,99.813817,62.994772,74.916578,8.721664,30.050665,16.488004,22.721666,49.728382,147.896602,68.489814,67.19995,696.292174,303.872379,851.717709,618.734905,506.742838,55.97273,256.555959,161.656547,153.330006,91.730212,340.930554,175.521638,131.642065,3648.407542,45303.22322,107385.4879,71124.30811,72302.15132,8552.757417,33028.47432,18955.37474,22245.44838,15746.77807,49982.74325,24036.07418,21421.17492,490083.9959
107,GLOUCESTER,57869.04458,175780.839,94537.96651,141478.4493,14191.49829,70862.30993,31697.67208,54867.10303,11414.08516,32579.46892,15028.94677,14037.80029,714345.1838,1502.81231,8826.1776,4276.023694,3482.411986,366.80324,3554.833727,1443.04324,1344.318151,293.122628,1582.880212,665.275798,357.313442,27695.01603,4.5688,19.737409,10.219456,11.016785,1.121091,7.950107,3.440952,4.269702,2.457732,11.561047,5.082974,3.009266,84.435322,22.423425,67.466374,34.957836,54.85681,5.51288,27.1583,11.732908,21.308482,22.198194,78.56789,34.808057,27.083608,408.074765,149.789705,608.111383,352.554606,385.466119,36.942547,245.011997,118.410015,149.960782,41.697618,166.510344,81.4276,52.854643,2388.737358,22177.08394,90947.33616,48200.03496,54078.45146,5441.929041,36641.89972,16223.60957,20967.61497,7100.841701,27549.6367,12589.38838,8767.068799,350684.8954
119,HAMILTON,17507.07274,75763.28521,39388.61389,49667.46397,4132.630464,24990.99384,11355.78775,15793.86526,1707.690507,4921.100057,2081.106434,2003.217139,249312.8273,507.694341,2802.179643,1403.044899,1439.725513,119.788409,929.789379,406.141985,457.791459,48.588892,169.62163,71.726743,57.604252,8413.697145,1.377537,7.238024,3.745984,3.947022,0.326603,2.39707,1.08229,1.25621,0.386065,1.342684,0.575263,0.460558,24.135312,6.336301,28.645077,14.749102,17.970181,1.501005,9.465062,4.257234,5.718952,3.26967,10.305444,4.362924,3.856774,110.437727,38.620515,241.65273,138.089516,115.968699,9.119033,79.97428,39.856234,36.878644,5.713757,22.462637,10.449835,7.055619,745.841499,6661.72857,33945.70088,17811.51891,19131.4902,1578.556738,11233.11917,5144.197935,6088.530275,1053.804493,3545.419869,1548.422191,1258.572129,109001.0614
131,HINGHAM,78003.91921,200831.7829,107504.7441,155055.3815,14630.1214,64108.11034,26517.51989,49583.8763,14286.78187,41099.23421,18246.32834,19152.09636,789019.8964,2729.844607,10244.70654,4735.384126,4568.721733,502.279451,3262.891994,1163.756435,1480.820692,488.938841,2146.611254,822.007499,525.432794,32671.39596,6.924006,23.216197,11.860888,12.676204,1.285482,7.398525,2.889627,4.071761,3.827919,15.631272,6.289454,4.288102,100.359437,28.818669,79.673378,41.794325,57.757769,5.396695,25.508421,10.297322,18.417182,29.987083,103.452031,43.21875,37.465329,481.786954,187.281462,725.208072,416.046467,386.530526,34.974066,231.765628,102.157871,123.041915,53.485919,221.615252,102.860835,71.237547,2656.205559,32196.65033,105904.8592,55328.86005,60831.28507,5998.935707,33746.05475,13498.51567,19501.27343,9699.438579,36462.92475,15640.88803,12142.79792,400952.4835
133,HOLBROOK,29182.92537,69089.25569,35874.76252,58167.48286,5025.55393,21797.48571,8480.80019,18244.40515,4958.053083,14336.78114,6412.818163,6582.414653,278152.7385,1070.372753,3250.439828,1614.924954,1740.654542,181.0353,1026.598967,386.829896,544.197767,180.585715,740.570445,295.49946,198.068154,11229.77778,2.669979,7.605918,3.949014,4.756305,0.454598,2.401291,0.934785,1.489408,1.382145,5.291522,2.19902,1.593811,34.727796,11.086705,27.553203,14.172014,21.173758,1.902226,8.694584,3.351671,6.639076,10.623341,35.565599,15.116802,13.046946,168.925924,71.601618,245.31421,139.989165,138.397091,12.236456,77.452319,33.109672,43.358346,18.981658,78.602352,36.314782,24.008191,919.36586,12337.32738,34936.31421,18444.26819,22791.89612,2107.984651,11028.59619,4366.770815,7141.715591,3450.10161,12530.96686,5482.572037,4256.738546,138875.2522
136,HOLLISTON,43690.9484,122216.5645,69833.41555,93174.13026,10566.87062,42970.43738,22273.8222,32013.23052,5717.573011,16781.50572,8123.912985,7796.274079,475158.6852,1595.356713,4954.492742,2972.17186,3072.540356,379.346712,1739.157048,954.711748,1053.135109,216.03243,733.792247,385.138245,259.857534,18315.73274,3.964399,12.257473,7.415305,8.014711,0.948698,4.306213,2.371053,2.748521,1.629488,5.382697,2.875427,2.019664,53.933649,16.476312,47.172113,27.192938,34.458411,3.968999,16.579971,8.679878,11.83201,12.403933,38.327631,19.475541,16.101578,252.669316,106.52304,403.444295,265.344431,229.250663,25.565864,141.790531,84.793096,78.67098,22.115904,84.42281,46.810331,29.709578,1518.441524,18335.17893,57096.27019,34727.34028,37768.29934,4398.239447,20062.55709,11101.54983,12959.57335,4035.135973,13368.16953,7079.623542,5264.44053,226196.378
139,HOPKINTON,183630.3159,340017.5896,220455.8668,258852.687,31918.30152,103801.8395,56842.79708,79053.54758,38769.25568,105694.6643,52367.72455,53016.963,1524421.552,5045.372303,12220.57864,8563.101808,5959.039421,941.85646,3962.138328,2366.619859,1896.392964,1030.910087,3236.573737,1970.906191,1057.227633,48250.71743,15.11396,32.317454,22.246725,20.545849,2.693533,10.134494,5.935427,6.327691,8.405158,24.964305,14.706513,9.743002,173.134112,74.413209,137.542181,89.064058,107.293643,12.800006,41.858675,22.992928,32.425687,78.370641,218.691858,114.966836,103.921095,1034.340818,496.580179,1213.797279,907.231562,730.900594,85.24597,370.276402,234.439928,220.54526,147.042287,508.326739,291.191977,206.860852,5412.43903,73058.65245,154503.535,106355.5141,100731.8086,12897.57818,48117.83655,28182.51895,30904.11939,24919.15813,74044.42274,40778.6665,32872.98313,727366.7937
141,HUDSON,42638.00849,107204.5038,61957.4707,81437.96332,8660.779439,33251.86602,16884.14091,25060.35288,7419.208799,21519.59247,10707.48149,10461.13157,427202.4999,1286.85346,3683.121925,2133.252187,2509.934069,271.965581,1169.200828,599.658774,785.833248,219.5735,679.159372,340.416171,296.974454,13975.94357,3.537466,9.962931,5.876021,6.856308,0.727024,3.117974,1.621835,2.1171,1.746488,5.50981,2.785253,2.404336,46.262546,16.262315,41.382779,23.84363,30.730475,3.264337,12.778205,6.475973,9.381561,14.936247,44.709868,22.099394,21.004117,246.868902,103.258256,343.705294,225.382581,205.453538,20.639114,106.113869,61.079385,62.605416,26.780542,99.03396,54.600337,39.438383,1348.090675,16833.49417,47278.21004,28124.19814,32512.74893,3439.249126,14752.82295,7735.909817,10021.14719,4791.255964,15304.08176,7815.242522,6783.288391,195391.649
142,HULL,10897.12637,39870.18185,19640.38567,30682.36262,2768.393307,15378.28408,5930.376824,11428.25282,948.973163,2479.09234,1349.953927,1335.358537,142708.7415,395.522097,3242.895734,1125.838121,1050.812577,96.951973,1248.189072,334.939424,389.034764,31.949527,165.97491,70.191187,44.077588,8196.376975,0.97717,5.744565,2.576955,2.695144,0.242751,2.211932,0.785606,1.001858,0.245472,1.014402,0.529103,0.344382,18.369339,4.0634,16.73041,7.928922,11.318328,1.024905,6.447831,2.401165,4.212782,1.936404,6.752942,3.470182,2.717422,69.004692,26.521817,163.786656,84.073244,77.232707,6.628543,63.108971,25.551436,28.726612,3.452587,13.977007,8.047116,5.054893,506.161591,4529.965693,25580.91282,11814.47539,12613.62853,1132.271276,9852.120043,3597.773015,4691.212871,626.465316,2368.299272,1268.426513,888.985165,78964.53591
144,IPSWICH,35929.2582,123605.736,65001.49038,86638.78655,8201.766701,43454.73437,19959.40277,29486.02127,5050.680142,14466.8105,7231.899809,6378.068722,445404.6554,1142.599487,5371.013407,2665.615969,2676.084331,261.009604,1905.938736,829.892096,911.163523,161.034225,660.960469,315.029983,193.810288,17094.15212,3.009503,13.003323,6.821492,7.225412,0.687699,4.59765,2.105511,2.458698,1.264902,4.87405,2.396062,1.546377,49.990678,13.286994,48.603435,25.368247,31.933485,3.03454,17.110703,7.799391,10.857723,10.203905,34.045452,16.743872,12.713649,231.701395,82.433098,421.672625,244.574074,208.787213,18.823135,148.932296,75.443096,71.060318,18.02137,74.435124,40.375151,23.299194,1427.856694,14257.97597,60227.94454,32051.2388,34474.01766,3257.028776,21269.22706,9882.071167,11726.62324,3305.04606,11931.95864,6047.496334,4149.418501,212580.0467
155,LEXINGTON,236129.5299,325786.9449,216338.0171,217580.3275,35806.06738,86317.44556,43553.20571,60130.72678,45978.96079,130398.7452,65560.6758,55962.0153,1519542.662,6152.413483,8297.304212,5783.57503,4845.972671,950.667373,2312.030153,1203.969368,1390.889604,1169.576375,3104.304391,1660.466363,1161.189147,38032.35817,18.749446,26.819309,18.625626,16.223698,2.864932,7.231749,3.799864,4.526038,9.784536,27.163816,14.561846,10.368296,160.719156,92.703667,127.940037,85.0016,84.52527,14.027307,33.723112,17.061957,23.186311,89.583924,249.975234,127.91861,103.246406,1048.893436,628.196653,1114.341366,848.844505,574.824718,94.563736,292.544378,169.53726,156.73677,170.967632,595.239238,337.178729,203.48699,5186.461978,91112.07496,132083.7461,91507.42274,81166.47649,13884.92872,35418.29277,18608.88468,22551.25478,28629.50514,84230.73512,44566.21888,33123.41166,676882.952
157,LINCOLN,63231.55828,86162.66427,59357.22518,54500.88249,11463.80306,25105.89756,14357.50803,15868.74313,8252.354058,23247.53737,12316.83592,10127.87713,383992.8865,2385.429291,2733.018552,2120.936336,1444.598501,421.600506,800.797615,510.134613,425.57216,319.046543,701.757751,437.067043,251.735772,12551.69468,5.775832,7.659106,5.694644,4.311448,1.037234,2.238329,1.377041,1.256696,2.375873,5.858951,3.518211,2.148474,43.251839,23.616707,32.292564,22.277662,20.74185,4.296881,9.406057,5.396418,6.015098,18.079957,47.387687,26.445889,19.570087,235.526856,157.444797,275.732354,214.902247,143.277667,28.370225,79.739422,51.873701,41.261654,32.382952,108.383124,63.830985,39.13458,1236.333709,26805.80261,36645.98591,27222.86642,21017.42952,4832.37911,10702.83247,6580.943002,6123.868234,5864.526612,16209.36841,9393.447853,6329.244717,177728.6949
158,LITTLETON,126275.4195,211344.6398,148977.5883,170812.3054,23045.43833,58583.51062,41218.31447,48138.97877,23905.8484,67357.10292,35263.79102,32024.49468,986947.4322,3127.766214,6017.995386,4998.435399,3796.296367,627.611481,1803.868201,1569.351814,1119.613107,609.759482,1768.998771,1124.476218,643.533799,27207.70624,9.769206,18.338956,14.020003,13.13816,1.834445,5.203288,4.097659,3.715076,5.074381,14.983384,9.037802,5.891909,105.104268,49.282196,83.908025,58.584335,68.898712,8.810792,22.832394,16.066713,19.048868,46.459912,134.922861,73.132426,61.147314,643.094548,322.95135,718.591683,576.344376,469.285304,57.448125,195.854265,158.598297,129.348567,86.105935,312.229273,184.585893,121.841414,3333.184481,48022.28095,89097.70289,67787.49436,64969.85906,8895.480654,25075.66059,19552.20591,18327.32604,14825.75379,45453.10283,25766.88288,19445.71536,447219.4653
163,LYNN,78739.95878,150074.115,87495.99257,115080.1711,15122.19284,48378.40717,20111.67471,36765.16729,17402.76831,50934.13738,24347.2254,23433.48464,667885.2952,2723.641506,6110.768732,3459.842412,3249.866821,514.255932,1960.909874,781.376711,1040.668758,617.641871,2280.471514,878.25005,667.428733,24285.12291,6.964409,15.321496,8.819782,9.161809,1.315611,4.928546,2.014973,2.932759,4.654945,16.638346,6.882417,5.36752,85.002612,30.042085,58.429443,33.814875,42.49399,5.713115,18.821884,7.77336,13.591383,36.799248,118.590748,52.042324,45.396257,463.508711,198.423328,515.2771,330.571621,280.281501,37.754317,165.293914,75.205657,89.456082,66.043543,257.03133,127.922893,83.921285,2227.182571,32575.59019,71583.73374,41874.82919,44512.8501,6168.400735,23035.06562,9581.054389,14245.7474,11899.59824,41390.35253,18531.68903,14789.82917,330188.7403
164,LYNNFIELD,78840.27843,113032.3301,83945.16637,75296.63943,12873.35468,29318.01642,17443.38084,21030.72421,18056.43061,50940.67251,22446.28389,22343.17223,545566.4497,2338.61634,3041.324338,2615.397435,1675.569457,381.321829,832.285677,551.788151,479.748326,491.186629,1244.38689,658.286543,445.532808,14755.44443,6.549852,9.477828,7.63059,5.639087,1.069388,2.505974,1.600373,1.586928,4.01289,10.806074,5.537999,4.030778,60.44776,30.582813,44.127027,32.463782,29.410147,4.987378,11.373561,6.746229,8.187906,35.713157,98.449012,45.37785,40.968393,388.387256,207.265823,385.068978,324.918742,200.882676,33.596502,98.971354,67.125752,55.674072,67.573909,234.757668,116.835718,81.28883,1873.960025,31363.5558,46336.03845,37008.9788,28152.66871,5120.337988,12176.96798,7743.890081,7901.052601,11440.7573,33181.97638,15960.56253,13120.1747,249506.9613
165,MALDEN,50586.29136,64543.1364,50125.70252,50256.36444,8424.343363,20981.83733,9852.819077,15378.98662,9787.272458,29492.4451,12295.68475,14201.25087,335926.1343,1918.458604,2371.220358,1960.53804,1582.900075,316.047909,771.088969,372.831993,483.337435,361.465289,1073.629234,474.026764,454.006775,12139.55144,4.676068,6.170144,4.987431,4.215064,0.771642,2.007027,0.971852,1.292488,2.739791,8.415048,3.690424,3.525295,43.462275,19.313021,24.824377,19.149042,18.94285,3.196565,8.069545,3.762947,5.797466,21.032587,63.22527,26.951906,28.728713,242.994289,125.496543,210.570475,182.50263,126.871664,20.890908,68.466302,35.894978,38.808872,37.695014,139.714541,65.482189,53.605934,1106.000051,21637.98049,29177.26256,23735.77031,20236.86628,3577.865126,9490.967167,4635.355725,6204.425237,6837.535465,21888.90279,9669.407732,9397.634334,166489.9732
166,MANCHESTER,32538.70757,110346.1961,59760.68252,86028.85779,7549.154341,42070.28404,18853.41436,32104.53553,6271.241677,17918.27164,7859.824725,6903.446995,428204.6173,781.621932,6836.795505,3173.710581,1934.261373,179.68935,2606.187004,1010.09348,711.895943,146.045495,1068.318344,414.98098,151.843078,19015.44307,2.501969,14.310662,7.148049,6.543498,0.575235,5.450119,2.269343,2.432557,1.261879,7.479819,3.13036,1.332587,54.436079,12.737841,43.304675,22.433523,34.08625,2.942993,16.458156,7.074909,12.751608,11.93737,47.21397,19.891269,12.985674,243.818238,86.446843,410.398537,232.278057,243.269591,20.121108,155.965595,73.375391,91.225762,23.078509,96.878415,45.070197,26.37807,1504.486074,12260.82336,64548.61721,33200.12851,32392.36156,2822.076312,24590.96233,10533.99915,12061.72222,3806.271491,16744.42867,7281.699406,4172.986369,224416.0766
168,MARBLEHEAD,12328.26552,43896.70463,18710.39901,33842.44081,2159.109031,13876.68646,4329.998824,10586.03701,2811.669707,8079.552528,3510.051814,4011.281953,158142.1973,367.963776,1798.292991,659.695964,998.56183,64.375894,572.016526,151.909451,312.015481,83.420243,337.454476,118.143236,119.420037,5583.269904,0.99171,4.445187,1.75307,2.713304,0.173421,1.413802,0.409788,0.852219,0.658194,2.541591,0.941926,0.946594,17.840807,4.550069,16.993193,7.025003,12.447625,0.795443,5.389803,1.636298,3.907728,5.511091,18.267601,7.22587,7.870531,91.620255,27.502864,145.497637,65.069596,79.124702,4.81624,46.145396,15.135263,24.763425,9.608352,39.945261,17.265428,14.345252,489.219416,4798.045236,20733.48058,8437.326596,13219.99584,838.919634,6590.225063,1970.26697,4151.158435,1780.962641,6375.062177,2570.111079,2574.083183,74039.63743
170,MARLBOROUGH,160337.5334,297671.0344,193704.3156,236267.6724,28095.31114,88719.62167,49122.48736,69720.34756,39074.33465,110384.8847,52346.29742,56997.20903,1382441.049,4413.350012,11240.9331,7190.738041,6325.17343,822.57156,3536.935048,1949.345857,1935.202396,1070.1991,3362.365056,1649.105978,1371.007023,44866.9266,13.0813,29.270077,19.351557,19.325726,2.345584,8.947491,5.066226,5.75691,8.728256,26.952982,13.344711,11.776767,163.947586,63.448594,120.367664,77.537174,93.918914,11.031833,35.803164,19.669263,27.458518,78.208576,230.588355,109.075172,112.747835,979.85506,415.376736,1050.898395,772.637561,634.650366,71.941923,313.57168,196.589726,185.028158,143.786,522.644703,274.856171,218.155688,4800.137107,63195.52498,138764.3383,92588.80024,93489.58549,11227.92911,42167.48596,24083.63583,27739.75311,24980.31293,78219.79466,38374.04436,36082.46991,670913.6749
171,MARSHFIELD,40962.66356,93369.22741,54261.70568,72854.04579,8970.418353,30206.56244,15261.67341,23755.29213,6768.556523,19280.35612,8639.354986,8857.135115,383186.9915,1243.384694,3016.918896,1769.320716,2014.329649,266.660208,981.979476,498.816337,659.517967,202.55282,589.988299,276.686566,238.501403,11758.65703,3.337144,8.292397,4.959687,5.734344,0.721482,2.683825,1.387619,1.870464,1.600054,4.811058,2.262293,1.944165,39.604532,15.149282,35.054148,20.236532,26.9779,3.308294,11.304761,5.69416,8.778397,13.405298,38.90091,17.672517,17.162927,213.645126,94.902841,289.428567,187.26157,173.735948,20.604225,93.17393,52.55819,56.360722,23.884247,86.453802,42.585848,31.767465,1152.717356,16002.51898,39827.26957,24012.07946,28045.90023,3475.850389,12883.47216,6727.305717,9149.046647,4319.311571,13335.36224,6260.971079,5563.253221,169602.3413
174,MAYNARD,17768.98003,39585.4772,22062.6888,40687.5733,3851.776984,13192.24941,6536.84757,13637.40476,3296.837444,9391.853223,3888.911158,4290.550757,178191.1506,579.440341,1478.663334,808.223408,1237.48381,125.203266,494.068349,241.936097,414.333918,105.914566,335.120044,140.99073,128.217189,6089.595053,1.495346,3.802036,2.153842,3.343191,0.324155,1.268899,0.640174,1.119389,0.820567,2.596343,1.111328,1.022096,19.697367,6.523042,15.068429,8.390843,14.850359,1.415592,5.0248,2.488744,4.973087,6.63714,19.786079,8.278189,8.438464,101.874768,41.057311,126.222616,79.059067,97.082801,8.886356,42.115273,23.493149,32.528456,11.711609,42.990174,19.919938,15.43486,540.501608,7057.444121,17885.09596,10244.48045,16036.39745,1530.520366,5966.662962,3042.617195,5369.388547,2143.970762,6839.918439,2955.16103,2754.966336,81826.62362
175,MEDFIELD,36307.90471,92192.77654,52133.50103,70607.98951,8137.882101,32019.85824,16028.76365,24368.09706,4588.13227,13097.67792,6562.084877,5387.719895,361432.3878,1326.775172,3756.283804,2117.37932,2228.430933,288.378893,1300.494422,652.396636,768.093195,160.316603,528.323007,284.050754,169.343254,13580.26599,3.300734,9.337511,5.427118,5.903271,0.725758,3.235826,1.664411,2.032996,1.229334,4.050759,2.167204,1.331738,40.406661,13.70508,35.643443,20.249203,25.785234,3.055297,12.368124,6.218411,8.89258,9.635631,29.310648,15.148761,10.80323,190.81564,88.416143,306.882039,195.119129,170.628957,19.528128,106.419467,59.920446,58.805042,17.117195,64.437855,36.657018,19.934146,1143.865566,15258.32901,43393.57866,25491.80575,28010.73027,3373.060568,15043.22527,7820.148382,9652.999895,3119.42133,10202.68271,5473.476621,3523.468054,170362.9265
176,MEDFORD,165399.6846,202464.1541,154893.4472,160907.9106,28888.70044,57264.52926,32001.96392,47947.37681,38544.98298,111049.373,40026.92657,51856.40769,1091245.457,5404.718365,5600.807092,4802.040097,3526.16743,908.118204,1603.089794,927.249733,1049.284095,1218.180338,3098.452123,1249.039487,1172.31688,30559.46364,14.253032,17.229663,13.967949,12.243606,2.459023,4.900409,2.820973,3.644322,9.632689,26.165863,10.287183,10.202333,127.807045,63.010266,79.283509,59.582129,65.212676,11.052903,22.425999,12.392033,19.397317,79.856833,223.07788,82.5409,100.553981,818.386426,425.059835,696.819997,587.812345,442.105989,74.54218,196.568198,122.335074,131.335779,147.64231,524.979558,207.756422,195.622278,3752.579967,67512.55747,84073.11197,67985.5958,61189.28425,11700.91319,23879.37621,13815.06503,18220.37022,25688.53338,75937.13443,29088.73502,32181.93986,511272.6168
177,MEDWAY,33798.06794,82131.72062,47708.14503,66051.59225,7453.413027,28236.58473,14369.69437,22469.66696,5744.199035,16411.69756,8728.669157,7828.938202,340932.3889,1006.589045,2828.457037,1681.995848,1866.662761,224.446453,980.851621,513.547336,637.341335,170.061284,536.160063,299.702816,208.093452,10953.90905,2.749971,7.558974,4.558041,5.235165,0.607091,2.605649,1.37875,1.778091,1.351726,4.27881,2.378553,1.693735,36.174555,12.602728,31.147855,18.152648,24.355173,2.759401,10.678531,5.455231,8.253353,11.41026,33.95823,18.300463,14.90152,191.975392,78.753734,259.4468,172.149674,157.260754,17.197779,88.91753,51.719718,53.19775,20.326138,74.846031,44.427258,27.508921,1045.752087,13163.84909,35920.37181,21751.33663,25480.23704,2902.234607,12369.64355,6570.752915,8657.598729,3668.724936,11633.99029,6486.605029,4836.086562,153441.4312
178,MELROSE,26758.89897,44187.26847,29472.55585,34982.39987,3785.279742,13787.07116,5257.977766,10496.48628,4069.742624,11399.26988,5607.956082,5705.503667,195510.4104,957.756917,1537.144508,1123.462975,1036.812935,130.245221,477.347925,188.577105,305.140493,144.528773,407.516324,201.429197,164.016472,6673.978845,2.386153,4.063738,2.837703,2.791423,0.330769,1.267365,0.502919,0.836537,1.106522,3.222651,1.601336,1.311168,22.258283,9.984951,16.455733,11.096376,12.66782,1.404962,5.135391,1.972126,3.803741,8.611779,24.348427,11.943385,10.991393,118.416083,64.405294,136.903126,104.407532,81.879118,8.974393,42.691533,18.564811,24.530347,15.331665,53.295768,28.698797,20.105374,599.787756,11048.87262,19186.2997,13481.05926,13509.01135,1540.136168,5985.509211,2390.816847,4052.566053,2787.174412,8401.368741,4256.050494,3584.201761,90223.06661
184,MIDDLETON,42878.15847,62126.51372,41890.01251,39055.37181,6549.150168,17042.1446,8937.031278,11196.50814,4944.016151,14104.66375,9287.609808,6250.730369,264261.9108,1317.98342,1827.275372,1279.353489,1090.811138,201.522192,510.135566,277.167652,317.881075,153.397764,406.308487,282.157821,169.310685,7833.304662,3.547555,5.359102,3.729733,3.188901,0.544205,1.479762,0.799802,0.921265,1.226961,3.381285,2.342568,1.403747,27.924886,15.762086,23.772041,15.722417,15.005972,2.421273,6.506586,3.359776,4.300307,10.142342,28.361087,18.827842,12.321441,156.503171,104.295424,204.216552,152.475179,104.015484,15.918416,55.677709,32.419487,29.654612,18.297745,64.819848,46.942772,23.963582,852.69681,16910.56898,25911.74917,18120.66936,15365.3889,2590.891593,7138.457147,3877.430899,4429.370236,3257.240891,9660.723597,6631.402415,3997.334141,117891.2273
185,MILFORD,114014.8344,232959.0453,145960.195,178810.4031,21830.9618,73657.21467,38926.76023,56731.19534,23100.39527,66045.02767,31765.81816,30808.37726,1014610.228,3100.814058,8754.346626,5444.552784,4904.260042,662.925046,3000.476563,1609.432622,1636.510507,647.092597,2311.523459,1006.898784,766.866298,33845.69939,9.52438,23.171188,14.779518,14.917933,1.886931,7.57404,4.126864,4.793614,5.228195,17.610437,8.115819,6.538251,118.26717,47.206336,96.348804,60.141021,72.168036,8.844128,30.164428,15.932,22.602188,48.000367,146.202174,67.657192,62.440063,677.706737,307.706906,846.559533,597.570664,489.991317,57.679785,266.579807,159.279211,153.245533,88.893716,333.984513,171.525212,122.07944,3595.095636,45855.87365,109441.3933,70745.94887,71735.93461,8963.277302,35481.66211,19560.44954,22939.28632,15270.9349,49816.62715,23739.06617,19984.81265,493535.2666
187,MILLIS,31705.04158,82915.59409,45863.09658,68426.74615,7373.813258,29351.20303,14534.29655,23888.3895,3629.737629,10247.50544,6281.664845,4444.291246,328661.3799,1161.8516,3472.103572,1941.150817,2225.092922,264.415676,1226.593407,617.506598,775.124617,136.600394,463.06648,297.658408,143.630959,12724.79545,2.874935,8.55041,4.86049,5.841862,0.660072,3.02158,1.53937,2.034703,1.027104,3.411806,2.206213,1.128676,37.157222,11.928176,32.272747,17.939182,25.131792,2.761939,11.415284,5.682604,8.767304,7.829575,23.925144,15.004742,9.032608,171.691097,77.129798,279.15384,174.203183,167.911029,17.777369,98.689548,55.21404,58.528338,14.012845,52.681987,36.251692,16.701217,1048.254886,13275.09303,39616.64509,22764.60304,27558.54938,3057.587017,14004.07741,7209.623583,9605.652402,2541.754906,8368.663009,5452.299135,2950.355534,156404.9035
189,MILTON,126703.29,151923.8743,108790.702,102993.7535,36820.70431,43877.77782,35399.04038,36954.6935,24826.18963,67205.32403,33818.33531,29530.37867,798844.0635,3829.640421,3876.128688,2922.919459,2172.402924,908.291245,1151.011921,823.940357,781.431083,679.749752,1604.345885,996.903128,606.488128,20353.25299,10.601463,12.348118,9.31145,7.6374,2.903226,3.622888,2.878638,2.776572,5.698162,14.207779,8.409774,5.426555,85.822023,47.601218,58.131308,41.921238,40.688625,14.613937,16.833954,13.870301,14.816926,49.756171,129.080194,67.85176,54.584977,549.750609,316.971995,503.981675,413.060283,282.406501,98.427697,143.294049,136.949202,101.464477,92.514807,309.598257,169.850783,108.772954,2677.292679,50409.44432,60852.44607,45783.28669,38299.37159,14159.21087,17826.9672,14367.45851,13929.67645,15894.06247,43564.5406,23897.33356,17491.31471,356475.1131
196,NAHANT,3985.395423,17912.84169,8111.907449,13707.23149,736.412271,5165.224916,1838.235337,3931.412499,606.130459,1724.503661,848.040482,861.618442,59428.95411,115.317007,699.386569,263.368425,391.615311,21.095034,200.996038,59.939176,112.517716,17.219409,66.44168,27.837562,24.740406,2000.474332,0.312462,1.812947,0.733819,1.075487,0.057489,0.521374,0.166611,0.308778,0.136203,0.527202,0.225555,0.196337,6.074264,1.456743,6.842629,2.983989,4.981257,0.268824,1.971826,0.676873,1.429448,1.156786,3.842007,1.710437,1.652668,28.973488,8.769888,58.571829,27.501743,31.714227,1.617041,16.86189,6.238528,9.101008,2.017463,8.298292,4.126115,3.015364,177.833387,1524.395954,8449.943843,3552.333969,5266.501831,280.851655,2431.463147,806.142679,1511.730477,373.492076,1334.932111,609.89769,539.896432,26681.58186
198,NATICK,137603.1269,233153.3258,140071.0165,183061.8157,27625.04831,80268.71201,40489.76786,62771.4523,23625.56536,67425.89041,36026.00974,33266.01439,1065387.745,4850.232437,8015.62942,5172.837685,4600.651906,954.56423,2748.73349,1492.396357,1580.914045,831.471169,2214.329162,1416.321994,792.61604,34670.69794,12.158083,21.654438,13.746507,14.281457,2.41825,7.437988,3.969207,4.901211,6.458406,17.940322,11.072729,6.776072,122.814669,50.483881,88.897129,53.580322,70.976234,10.149512,30.594287,15.501145,24.345261,50.02248,141.282702,80.001563,63.975923,679.810438,336.064205,777.825103,530.060881,480.004244,67.134862,267.701628,153.384709,164.842195,89.548953,320.84685,192.502781,124.423005,3504.339417,56980.2697,102889.0889,65548.97041,70243.81684,11360.02839,35365.59616,18931.51526,24102.83497,16215.31648,48514.58142,28655.89437,20594.94931,499402.8622
199,NEEDHAM,135788.087,191526.7441,149321.4909,138736.572,19827.09095,48046.48821,30217.52003,36873.59719,28554.82225,81018.59635,42229.04578,34623.09346,936763.1483,3661.152891,5197.170685,4867.33387,3341.868054,559.070491,1394.196716,1029.271916,930.719295,713.46736,2002.306595,1193.659976,756.361461,25646.57931,10.978745,16.184437,14.078554,10.611646,1.630877,4.1583,2.898504,2.850648,5.995631,17.337093,10.212636,6.592645,103.529715,53.328704,75.011993,58.513737,53.31722,7.745936,18.663106,11.817175,14.016828,55.431996,157.177009,85.350292,64.463529,654.837526,358.770628,645.417728,584.312148,360.482418,51.586222,159.657257,117.301789,94.3184,105.402882,370.845271,221.070765,126.139211,3195.304719,52965.76569,78993.88499,67902.83379,52443.72385,7820.462816,20132.48161,13920.69531,14009.45986,17705.03627,53042.21244,29954.99795,20709.81621,429601.3708
207,NEWTON,251119.587,290224.0103,236006.0722,203223.1723,51762.60086,111102.0318,64404.83491,76287.96471,48227.12346,136277.7127,60216.44516,61328.65842,1590180.214,8201.318234,8270.684654,7709.787376,5053.554629,1600.980637,3056.275538,1962.667388,1851.120955,1590.584588,4079.892737,2140.245159,1647.711196,47164.82309,21.767395,24.95785,22.124566,15.992838,4.387679,9.425203,5.881949,5.954402,12.435753,33.592114,17.143801,13.695566,187.359116,96.258772,113.012405,92.242726,79.410495,19.940498,43.387691,25.359608,29.976487,101.470629,278.098065,129.604086,121.230839,1129.9923,651.039524,987.420308,926.419857,557.10163,135.10434,380.324175,255.479551,211.041374,186.911741,639.904795,319.920584,236.273094,5486.940974,102543.8653,121108.3137,106487.1136,78152.13201,20822.85142,45926.90315,28492.22235,29208.9725,32657.2097,94761.88734,46068.96061,39167.50107,745397.9328
208,NORFOLK,30236.0813,78959.52366,45732.62781,55204.36439,7063.378833,27028.49303,13925.62347,18488.3675,3366.168707,9562.092178,5278.384741,4606.17751,299451.2831,1023.035523,2923.214632,1739.422144,1722.949259,235.71121,999.345857,531.497675,576.564238,114.091392,356.004911,201.362599,145.065,10568.26444,2.626432,7.536027,4.539092,4.583885,0.607893,2.57793,1.382975,1.533341,0.885912,2.763294,1.581714,1.13943,31.757925,11.207511,29.859993,17.373635,20.056414,2.608198,10.218315,5.292358,6.712821,6.977888,20.707783,11.577452,9.152754,151.745121,71.175645,251.025152,165.403275,132.915142,16.529169,85.890839,50.381194,44.487261,12.4241,45.289003,27.765237,16.996218,920.282237,12233.71076,35314.6384,21417.20257,21757.40343,2838.473564,12082.11837,6525.408761,7279.841436,2259.128595,7152.068765,4138.890519,2992.767178,135991.6523
213,NORTH READING,30902.09125,68802.329,41032.55353,50315.19417,6679.972897,21458.88574,11267.59482,15682.77798,4107.031742,11930.51953,6116.796468,5654.869543,273950.6167,974.791841,2280.20399,1430.206289,1509.210586,209.509821,709.828933,389.025711,469.456412,134.828992,415.126977,213.408618,177.377086,8912.975257,2.549773,6.151999,3.863081,4.070432,0.551829,1.916116,1.057678,1.268477,1.044374,3.275934,1.708355,1.388954,28.847002,11.275495,25.423023,15.345277,18.398181,2.445322,7.922447,4.209099,5.73506,8.345683,25.028479,12.860153,11.299231,148.287449,70.352671,208.404204,142.555636,118.506741,15.184029,64.956119,39.051918,36.921923,14.812608,54.534021,30.819594,20.74922,816.848682,12082.48188,29304.16853,18435.42335,19677.52598,2617.778405,9128.727194,5050.544643,6132.728735,2701.419719,8633.531166,4582.45137,3699.444365,122046.2253
219,NORWELL,82586.80597,182191.3507,106172.7261,133328.0215,17084.80339,54241.00351,27333.60607,40184.89702,15816.2426,44931.30536,18293.60168,19456.84716,741621.211,2399.833546,6553.993718,3641.772856,3282.808894,483.791061,2001.618319,927.638667,1021.809355,431.559187,1476.793676,639.209773,399.715764,23260.54482,6.740365,17.104788,9.89563,10.330832,1.37812,5.148864,2.540095,3.136055,3.594966,11.838493,4.959219,3.554561,80.221989,30.830108,69.482481,40.038453,52.006579,6.405294,20.69292,10.365812,15.533278,31.314829,94.150573,38.494155,36.63168,445.946162,204.239242,606.69006,392.472422,347.336828,42.276203,179.663599,101.347873,103.338477,57.94518,213.724702,95.538335,71.432744,2416.005664,32289.69896,81048.94302,47609.15429,50979.21011,6629.232518,24311.69075,12217.13782,15421.3626,10023.54396,32269.91715,13642.47349,11686.2136,338128.5783
220,NORWOOD,86685.25847,137929.5783,85454.28286,106095.799,14802.43681,42066.99809,21200.14023,31925.5931,18826.49187,60027.12192,23128.13769,29461.31488,657603.1532,2929.809487,4346.328165,2684.842838,2631.387651,488.419541,1355.802805,668.416433,820.352697,610.610564,2072.903,696.92629,732.711565,20038.51104,7.606754,12.326878,7.771727,8.269032,1.281574,3.790149,1.920962,2.501397,4.800782,16.357199,5.82251,6.097538,78.546502,32.98968,53.043913,32.580589,41.605657,5.612333,16.110277,8.063636,12.365041,39.235996,127.864413,47.058323,56.815053,473.34491,217.279631,452.819374,312.468436,273.296528,36.676721,137.262986,77.128866,80.854451,71.155441,286.412323,118.001395,107.101923,2170.458074,35656.56638,59035.18551,37526.93437,40708.63868,6027.935339,18097.85421,9280.121003,12283.20628,12631.52736,43987.21593,16564.71521,18289.61273,310089.513
229,PEABODY,154878.4256,236825.8881,162784.5406,165932.9441,24720.61273,66700.352,34441.94165,48128.10827,33598.48634,94715.77428,42013.9644,43943.69976,1108684.738,4430.19516,7252.278435,4824.487668,4126.00714,702.056956,2104.332489,1038.762948,1210.356707,944.559803,2782.24869,1244.845817,1027.725744,31687.85756,12.596108,20.724809,14.514533,12.704565,2.000818,5.898052,3.078058,3.690455,7.664208,22.936403,10.395485,8.72061,124.924105,59.488923,90.685841,62.825289,63.305604,9.47382,25.417045,13.245111,18.304423,66.824829,191.297585,85.211188,82.534846,768.614504,392.000088,776.814384,611.624995,422.425123,62.156305,216.932999,128.523257,121.783392,123.603995,433.706508,212.751332,157.581123,3659.903502,60726.15145,100370.0624,70876.04745,62965.63245,9660.661154,28473.47465,15017.68546,18274.64634,21430.29843,65139.64683,29942.0939,26588.92493,509465.3255
243,QUINCY,168035.0094,213833.5719,155719.9354,166884.5408,27119.02894,62318.50873,29443.21912,44481.18551,41579.27822,118110.1246,46667.77616,54849.05605,1129041.235,5990.621597,6889.321592,5289.237487,4032.793512,969.985005,2088.040936,988.096988,1159.151558,1388.462137,3541.186098,1631.382942,1342.844425,35311.12428,15.086402,19.138135,14.576477,12.800538,2.443798,5.673252,2.749358,3.498988,10.792895,29.095909,13.002447,11.321598,140.179798,63.633029,81.588431,59.464296,64.455232,10.334539,23.703322,11.217836,16.972763,87.049446,238.853298,99.14546,104.407284,860.824936,427.43581,712.679965,586.925107,440.412739,69.249056,205.704988,109.878112,114.907396,158.669861,547.828088,241.606239,202.7285,3818.025862,70430.22478,91868.68612,70272.37242,63258.56541,11399.13431,27096.64171,13254.53485,17117.65681,28070.41429,81536.28988,35191.29833,33683.43509,543179.254
244,RANDOLPH,100733.4746,163291.0996,97962.46716,121934.4848,16730.436,44279.45628,20865.65656,33021.64867,21537.71349,60437.91407,28294.12752,27337.8759,736426.3547,3674.037652,5227.670664,3263.258451,2946.262396,588.302996,1453.81748,695.017774,820.968249,707.942135,1811.428206,924.581569,617.29174,22730.57931,9.43503,14.797073,9.247308,9.386235,1.547472,4.054813,1.955034,2.560328,5.578141,14.896339,7.553453,5.331586,86.342813,39.937139,63.61305,37.878837,47.476177,6.625499,17.220024,8.078038,12.782007,45.759542,123.791016,59.193845,51.91038,514.265554,277.317367,559.866276,373.439095,321.30546,45.936243,151.032554,79.33353,86.252236,84.548332,287.55681,147.557905,100.670358,2514.816167,43860.43793,70974.32178,44612.33734,46344.73041,7222.040181,19386.27049,9449.802407,12599.05848,14756.39472,42238.99474,20962.50436,16635.31524,349042.2081
246,READING,86215.23067,129641.0596,89907.44394,99511.17738,14899.69897,35580.38468,20324.4128,28177.63765,18337.60301,52219.47129,20899.50607,23806.78856,619520.4146,2734.433812,3813.502294,2939.12086,2388.686368,464.162022,1062.445672,661.056851,688.080843,585.749554,1579.587815,627.581801,546.643999,18091.05189,7.234026,11.213328,8.298525,7.570672,1.24295,3.088415,1.881001,2.153889,4.593494,12.921865,5.250995,4.746955,70.196114,32.047313,49.692672,34.246048,38.111786,5.560228,13.588791,7.754081,10.751622,37.606754,106.188317,42.243804,45.122598,422.914014,211.389394,429.539885,336.216112,253.435722,36.496684,116.907538,75.623324,71.231602,68.269449,244.00007,106.556857,86.484676,2036.151315,34367.74662,54228.57747,40029.55263,37599.7396,5915.241032,14908.46327,9064.504395,10676.08912,12115.81264,36280.92301,14890.80953,14501.87542,284579.3347
248,REVERE,89942.09435,115314.6437,87436.27265,75725.33987,15445.39615,32106.17091,15923.73972,21905.60384,19187.78768,51028.93944,29601.87752,22560.89012,576178.756,3243.329911,3543.436659,3069.892692,2101.014035,544.931301,982.223965,550.088789,611.168175,655.589822,1591.819028,988.332427,630.38666,18512.21347,8.241479,10.235728,8.413164,6.203924,1.390028,2.84429,1.502687,1.794487,5.11633,13.005373,7.995661,5.161006,71.904159,34.386182,44.600541,33.131567,29.501541,5.86386,12.420248,6.044036,8.510453,40.84039,104.86513,62.392996,44.863165,427.420109,238.117282,398.008219,332.076273,211.256681,40.614055,110.721591,60.465565,60.895109,74.99154,239.167003,157.6862,87.746306,2011.745825,38441.84697,49406.85828,40473.33777,30045.68766,6508.144192,13739.27233,7257.765407,8690.389348,13189.31985,35916.82779,22109.42252,14561.34162,280340.2137
251,ROCKLAND,39673.70969,103893.6369,56698.31978,82056.19542,7956.952973,33829.43948,15165.57595,26622.73043,6849.993787,19814.17254,8320.555574,9243.543182,410124.8257,1417.625783,5084.274923,2566.879849,2623.304831,280.724567,1676.293427,688.057787,859.475288,237.490904,945.475235,371.488425,280.216503,17031.30752,3.583634,11.655716,6.211898,7.001324,0.713129,3.827365,1.67136,2.280632,1.842204,6.887835,2.772637,2.234784,50.682518,15.009902,41.178092,22.257919,30.69211,3.008292,13.4626,5.976126,9.935951,14.496485,47.573218,19.336724,18.650757,241.578177,97.873106,371.680168,222.808882,207.009482,19.613145,121.684856,59.903009,66.976347,26.250383,103.56963,46.533226,35.267786,1379.170021,16579.79637,53393.05935,28989.49716,33054.4226,3306.164226,17504.10731,7790.511993,10748.63561,4694.504765,16666.10114,6986.959891,6067.767359,205781.5278
252,ROCKPORT,5449.786939,22444.66867,8314.716591,16730.66418,1094.36513,8208.923308,2407.730707,6004.046031,1152.336692,3280.07453,1520.834654,1630.180045,78238.32747,154.038217,869.379296,261.613686,479.734429,30.719086,319.837332,77.306616,171.899977,32.193358,132.637416,48.886185,47.017427,2625.263024,0.421517,2.191029,0.742677,1.334879,0.085644,0.802552,0.215677,0.480942,0.25461,1.001613,0.397626,0.38018,8.308947,1.985275,8.595743,3.042115,6.077332,0.40492,3.14444,0.882779,2.193089,2.186974,7.246524,3.091516,3.142328,41.993033,11.854046,73.600394,27.868013,39.105549,2.373676,26.975791,8.07367,14.01822,3.79523,16.178052,7.377665,5.777556,236.997861,2066.041814,10266.54354,3585.91359,6474.716273,420.631275,3759.168826,1040.894232,2334.686839,705.536087,2523.10835,1092.574553,1028.15607,35297.97144
258,SALEM,56218.94758,152463.0517,75083.95814,117559.4459,9874.022158,49153.33131,17321.09053,36808.3801,10656.13309,32070.69613,15111.70946,15656.75438,587977.5205,1814.086864,8798.929544,3235.115756,3556.552826,317.752754,2855.785776,762.769875,1116.002762,339.01051,1603.711969,642.783215,460.915503,25503.41735,4.737917,18.751588,7.946664,9.7024,0.826539,6.075553,1.851728,3.039992,2.664169,11.3977,4.882391,3.696395,75.573034,20.679206,61.104391,28.716522,43.568315,3.608488,19.732976,6.63603,13.641907,21.780072,77.882096,34.446851,30.98882,362.785675,133.609022,573.123713,285.474177,295.571349,23.498817,185.190607,66.220356,92.478045,38.722846,168.868437,82.397965,57.768901,2002.924235,22460.86425,85248.6876,37534.91446,46616.9533,3919.437645,27606.10157,8733.780342,14606.94078,7017.582105,27348.42351,12407.9778,10090.95826,303592.6216
262,SAUGUS,91130.37273,136903.8395,93198.61658,108706.6666,16352.77655,42532.9152,21489.36207,33147.95065,18123.33342,56450.71454,23145.06291,24846.23802,666027.8487,2860.809326,4301.517447,3105.340872,2635.99332,498.52764,1326.159511,706.066391,800.500663,542.139017,1636.449381,765.324929,577.149477,19755.97797,7.706646,12.319377,8.698419,8.236397,1.36995,3.817211,1.997681,2.507645,4.381522,13.494565,6.267769,4.918215,75.715399,34.13383,53.270873,35.468668,41.328848,6.169835,16.5748,8.234559,12.61051,36.665015,113.086445,48.753844,46.374194,452.671421,227.291956,467.889043,347.171835,277.693305,41.198237,145.912366,81.097029,84.750677,67.254612,258.990102,122.473063,89.562321,2211.284547,36553.97569,59077.68185,41989.14042,40873.53307,6522.469622,18320.76728,9650.867757,12453.35562,11797.60217,38615.16568,17279.4178,14951.51064,308085.4876
264,SCITUATE,23099.48688,76681.44069,38211.21967,58983.81549,5307.377011,25801.00077,10900.5298,19557.19173,3294.956564,9424.449544,4524.595474,4258.861012,280044.9246,734.854628,2914.109878,1384.397816,1877.388545,166.807487,977.903423,401.733516,621.626597,104.528263,353.851591,164.295766,136.113896,9837.611407,1.926224,7.472364,3.718261,4.960914,0.439478,2.510845,1.060932,1.642354,0.815961,2.758012,1.299601,1.065822,29.670768,8.499092,29.347969,14.463477,21.702811,1.950382,9.869538,4.12568,7.194926,6.632433,20.413135,9.618025,8.598854,142.416321,52.860998,247.490524,136.18716,142.954159,12.08334,83.192216,38.866725,47.341009,11.703946,44.799322,23.143563,15.851686,856.474648,9122.801048,35011.97931,17666.56524,23583.99884,2087.545765,11768.67413,5040.83998,7813.149634,2141.620496,7078.683151,3438.109999,2811.913102,127565.8807
266,SHARON,155883.2283,250640.2226,155355.3941,191993.6218,26417.91746,71105.29746,38695.97071,52023.33651,32568.51278,89940.8963,41366.44859,44217.05102,1150207.898,4817.288643,7372.299393,4870.050841,4086.988181,810.256266,2152.086121,1210.97529,1168.196545,945.603649,2318.909622,1217.681985,816.307725,31786.64426,12.985927,21.987096,14.246094,14.919095,2.199728,6.305724,3.545563,4.071416,7.576153,19.936145,10.225219,7.705934,125.704093,59.046402,98.714379,60.046953,80.461273,10.02805,27.915368,15.001564,21.461046,65.679121,176.714665,83.780609,85.468172,784.3176,395.439702,874.553985,597.652222,543.696416,66.894799,246.472871,149.147121,144.561526,122.001455,423.552771,215.764843,171.18069,3950.918402,61899.57731,106121.7595,68849.76642,73616.54075,10481.82439,30333.53868,17131.79134,20012.13698,21016.5141,59877.20645,29476.38375,26947.7514,525764.7911
269,SHERBORN,39634.16324,114338.2296,61459.55799,79711.76481,9175.721416,39401.27576,19378.62117,27054.4796,2519.249924,7212.634789,6165.339125,2832.42872,408883.4661,1552.762344,5735.419516,3073.740132,2768.029508,351.331439,1964.377093,978.420193,937.003681,99.60222,371.719307,352.713599,100.453143,18285.57217,3.74542,13.296944,7.279271,7.050818,0.855175,4.563821,2.299314,2.38644,0.739104,2.636722,2.515246,0.767503,48.135776,15.080052,46.036645,24.836955,29.637758,3.475337,15.848044,7.835115,10.048499,5.568629,17.848075,16.230546,5.973291,198.418945,99.180873,417.94126,252.912615,200.928133,22.741054,143.693206,79.944793,68.062762,9.89568,38.804407,38.517253,11.091604,1383.713641,17127.24993,60552.96128,33586.49815,32970.82042,3923.275275,20792.85154,10605.45714,11166.20341,1808.449583,6276.427793,5956.541309,1957.307566,206724.0434
274,SOMERVILLE,92350.14912,99443.02029,76933.05853,72371.8926,18085.40438,28938.0688,17313.49614,22196.97944,24721.64071,69146.23109,30914.80991,33226.74762,585641.4986,3336.249222,3110.002312,2482.914086,1983.366273,561.796298,931.846125,551.09319,622.639668,867.324649,2191.740936,1066.291912,962.825012,18668.08968,8.549899,8.8967,7.146402,5.948585,1.580498,2.629247,1.598211,1.84298,6.726482,17.660834,8.495381,7.742298,78.817516,36.199112,39.00087,30.298494,28.985487,7.270652,11.394231,6.841464,8.886067,53.300006,143.870715,65.81353,68.105373,499.966001,245.619278,338.860246,298.186786,199.476594,48.207809,98.621287,67.421837,61.362156,98.027092,330.202814,164.875118,130.639969,2081.500984,39701.60974,42867.96682,34534.70371,28850.43864,7504.522836,12623.13071,7736.340041,8905.484666,17260.095,49220.90942,23346.73603,22033.47831,294585.4159
277,SOUTHBOROUGH,149817.1886,267577.7511,171211.5292,216257.0003,26347.58402,83455.88232,47503.06739,64079.89809,28560.16824,83082.71872,36479.28283,43067.32893,1217439.4,4568.729024,9993.573771,6888.031865,5018.238069,799.514032,3127.668341,1938.169268,1480.847419,786.655867,2772.725602,1498.694013,898.189282,39771.03655,12.557115,26.542379,17.759143,17.254485,2.2075,8.291091,4.968693,5.119767,6.401001,22.339889,11.444114,8.22224,143.107417,57.565669,106.470287,67.971032,89.421426,10.135774,33.216022,18.851925,26.599603,56.890153,179.046937,83.260342,84.400766,813.829936,390.6825,960.169612,696.865692,625.006563,68.438369,299.897338,193.147148,185.099122,106.386875,405.261315,204.023835,170.224523,4305.202893,60029.50791,125373.9804,84351.47591,84170.5783,10537.29453,39137.11127,23556.92616,24968.58,18183.427,61285.42985,29839.89373,26833.2401,588267.4451
284,STONEHAM,101362.6701,136718.8953,98411.82544,102598.5921,17286.48408,39039.14229,20917.57202,30228.03123,21235.32994,59782.74878,23717.8368,27232.83837,678531.9665,3128.756317,3649.543309,2879.392175,2060.155142,512.19372,1051.010319,584.64662,609.635647,632.230868,1504.220514,692.561094,537.135298,17841.48102,8.489728,11.464683,8.683278,7.563496,1.423774,3.2846,1.825504,2.233509,5.080166,13.152712,5.846147,4.888454,73.93605,38.34819,53.200401,37.769843,41.520145,6.570829,15.176853,8.092387,12.227443,42.799985,116.605189,47.681945,51.414819,471.408027,258.518993,468.030805,374.168327,278.068458,44.613749,133.394439,80.499765,81.779069,79.498022,277.27016,120.979121,99.711278,2296.532186,40377.06792,55976.56064,42308.71965,38198.37604,6808.70534,16020.50219,8924.510885,11273.8568,13759.01711,39474.05946,16776.26196,16342.21317,306239.8512
286,STOW,30318.68343,86194.63366,51534.30585,62020.52497,6963.666578,28946.08733,16289.02408,20521.65083,4289.62743,12338.78138,4934.110842,5553.91699,329905.0134,1078.191526,3815.738159,2418.119009,1855.102396,241.561346,1283.848763,764.355103,611.539985,153.065297,575.914156,251.008849,159.664005,13208.10859,2.719356,9.017844,5.872996,5.030636,0.615368,3.030815,1.848356,1.660418,1.177339,4.109612,1.857486,1.277507,38.217731,11.362362,33.51176,20.404938,22.608962,2.599783,11.255386,6.442674,7.47565,9.111287,28.807354,12.361948,10.798146,176.74025,73.334628,294.279055,206.075285,146.638217,16.648909,98.890085,64.965875,48.442736,16.207789,63.43471,29.636332,19.63893,1078.192552,12615.70367,41651.02837,27195.5642,24224.37563,2866.757966,13996.78474,8563.306104,8002.66746,2955.025679,10075.99063,4498.852836,3514.258675,160160.316
288,SUDBURY,68182.47731,179292.3325,103259.5863,131174.3306,15832.53284,61874.80847,32123.82067,44861.15213,8186.242953,23244.26033,10666.54599,11039.85912,689737.9492,2463.067116,7767.742172,4500.149078,4298.09381,567.340969,2677.207528,1402.130735,1468.784041,297.219294,1038.098141,484.101515,358.841785,27322.77618,6.151335,18.753008,11.175908,11.206644,1.424904,6.46634,3.472593,3.832512,2.267303,7.782171,3.664171,2.800644,78.997532,25.59122,69.898341,40.504251,48.117309,5.947719,24.115717,12.595353,16.466334,17.534633,54.581301,25.2558,22.449722,363.057699,165.183086,608.663351,397.515476,321.850606,38.213636,209.930598,123.530307,110.011299,31.288417,120.364458,60.959809,41.57049,2229.081533,28349.35977,86577.40223,52109.88174,52714.04566,6575.844125,29857.09924,16194.44304,18033.55044,5681.219307,19085.21508,9139.031748,7323.75943,331640.8518
291,SWAMPSCOTT,16585.59126,50755.0718,20582.84128,36042.08869,2948.806798,15782.36107,4327.057163,11075.48593,2796.838017,7608.16173,5466.362002,3649.02158,177619.6873,427.596099,1958.539659,650.571384,846.772341,75.154587,606.08394,130.272824,258.691685,71.433593,282.792406,167.911558,87.13946,5562.959537,1.278843,4.974224,1.844937,2.707459,0.222318,1.550428,0.386776,0.835917,0.601601,2.198717,1.405775,0.743756,18.750751,6.257652,19.475576,7.797257,13.888406,1.093595,6.077529,1.646667,4.292616,5.418656,16.538813,11.168508,6.938364,100.593641,40.423188,173.033875,75.371749,94.857553,7.21143,53.773283,15.835143,29.162419,10.105234,37.020982,27.686648,13.736908,578.218413,6268.352887,23401.19399,8977.936577,13515.73381,1091.318115,7296.17701,1885.609211,4174.349287,1733.007338,5723.276803,3944.918383,2240.382464,80252.25587
298,TOPSFIELD,56859.79643,116840.1899,68911.97963,80475.53928,10295.74348,35480.94401,17807.21611,23924.95084,7269.966021,20189.21557,10610.49071,9243.040114,457909.0721,1336.224726,3787.159523,2025.834108,1896.788502,249.242435,1202.698858,549.932569,576.914879,163.889178,523.66442,278.953062,187.669603,12778.97187,4.265042,10.698167,6.069106,5.991242,0.778893,3.312707,1.595534,1.78649,1.395638,4.435524,2.379613,1.651818,44.359774,22.005479,46.138921,26.780849,30.802284,3.957406,13.949793,6.888815,9.075845,13.622986,39.884288,20.592507,17.094018,250.793191,140.459479,389.690934,254.272764,198.028302,25.012828,118.141296,65.391174,58.25059,24.833698,90.32022,52.154578,32.306243,1448.862107,21132.35517,51352.24619,29713.62001,30088.52717,3845.540641,15817.1793,7773.010861,8948.965089,4323.197991,13471.22855,7203.986316,5458.173823,199128.0311
305,WAKEFIELD,90551.77932,133773.9384,93599.60509,89795.91931,13776.40431,32639.22119,17755.46976,24418.20384,23527.19325,67025.04868,29646.53621,29282.48824,645791.8075,2358.700741,3331.77317,2494.642924,2080.748218,363.067329,877.844737,487.412877,589.524725,575.461344,1583.790907,737.121197,630.960505,16111.04868,7.19891,10.908637,7.97903,6.794888,1.098773,2.728406,1.531078,1.869769,4.894474,13.931435,6.456408,5.573568,70.965375,35.401852,52.396352,36.638648,34.727769,5.367329,12.649249,6.896839,9.373359,45.483592,128.157371,57.426543,54.478201,478.997105,237.101364,451.805296,361.514211,235.641345,35.663719,108.219587,67.374687,63.33542,86.334115,303.740809,151.217974,106.788371,2208.736897,34890.18992,53760.82802,39210.70034,33732.88735,5317.665328,13328.92319,7496.827917,9232.865102,14512.45491,43160.15227,19959.28456,17490.46869,292093.2476
307,WALPOLE,84862.46085,168990.3589,99398.56325,118765.0987,16328.35896,54019.99394,26773.51568,37029.93353,14697.25971,40890.97376,19839.71964,19564.17098,701160.4079,2802.941501,5694.498935,3419.284099,3262.050691,538.384836,1854.019553,931.126819,1043.68929,464.763375,1311.298127,651.96427,501.976319,22475.99781,7.354604,15.499051,9.417746,9.476674,1.412844,4.997669,2.549745,2.971313,3.6756,10.585558,5.360138,4.174447,77.475392,32.100532,64.410126,37.559478,44.913477,6.165202,20.568365,10.137525,13.867163,30.099723,84.614756,41.382236,38.06657,423.885154,207.558556,544.529813,358.733681,295.06338,39.665853,173.686534,96.793096,90.969048,54.550586,191.317715,101.631761,72.052523,2226.552547,34515.75025,73667.18451,44960.22101,45964.42296,6632.093734,23689.67398,12154.2028,14368.08483,9707.056802,29024.85306,14677.47728,12271.86906,321632.8903
308,WALTHAM,156967.1745,207144.4997,156496.1624,156447.7141,22451.8117,52398.08294,30229.91967,41427.86599,41013.36386,117250.0312,54807.99476,52039.61413,1088674.235,4660.449189,6109.632326,5575.651085,4022.590886,685.00593,1662.183498,1129.015862,1119.641923,1186.088148,3248.765491,1734.237163,1314.323932,32447.58543,13.261525,18.201897,15.275596,12.481779,1.919317,4.742142,3.013561,3.355869,9.623312,27.139316,14.155596,11.095957,134.265868,61.962001,82.03551,62.253762,61.108498,8.850366,20.635186,12.019313,16.066584,83.038726,234.390274,113.750801,101.003128,857.114149,422.745389,716.789457,634.081988,421.131068,60.080442,179.569054,121.905616,110.431977,157.40386,550.205397,292.937725,196.692442,3863.974415,63136.18542,88124.83096,73171.55096,60907.74586,9102.879931,22757.4617,14376.1874,16272.12342,26685.84224,79610.2251,40181.97443,32649.23315,526976.2406
314,WATERTOWN,34850.47176,38731.05536,28978.07764,25239.26894,5042.181676,12133.81526,5601.225597,8059.130937,8430.347556,25392.79454,12725.81378,13379.9347,218564.1177,1303.497937,1381.680366,1048.152255,843.129794,188.458843,434.808129,206.560303,271.457128,322.607521,953.506851,470.804805,451.018764,7875.682698,3.210322,3.626289,2.81705,2.217631,0.465555,1.137945,0.545805,0.703535,2.429698,7.427583,3.719258,3.548252,31.848925,13.171053,14.448116,10.892889,9.306096,1.910268,4.528911,2.10834,2.960912,18.502202,55.512844,27.590199,27.994159,188.92599,86.191118,122.392927,103.968434,63.600819,12.46972,38.394239,20.132171,20.25559,33.259573,121.752475,66.427247,52.128696,740.973008,14713.37273,17025.37016,13319.43796,10327.45904,2133.857208,5341.548518,2579.968674,3281.051117,5991.131331,19112.72797,9808.326918,9119.653973,112753.9056
315,WAYLAND,73922.17561,130593.3431,83251.30995,104225.3665,15468.45212,44008.52279,24062.97296,34522.37842,10910.895,30644.92747,11543.72636,12839.92761,575993.9979,2543.397411,4423.571365,2936.546901,2715.858784,523.000386,1482.047324,849.011233,899.805297,369.856686,969.283496,431.915261,300.21699,18444.51113,6.49603,12.041889,8.000199,8.125358,1.350725,4.050232,2.311796,2.691742,2.928501,7.938407,3.413327,2.561171,61.909377,27.164429,49.838803,31.828024,39.370089,5.700245,16.814648,9.222171,13.048796,22.830838,63.331864,25.136493,24.389851,328.676253,177.374065,427.706401,308.703948,258.904627,37.028381,144.480061,89.459656,85.64304,40.75709,144.502398,61.070233,46.279337,1821.909237,30349.70951,57093.07311,38155.18579,39801.46032,6325.18117,19217.11848,11029.02259,13191.57771,7395.403372,21729.90329,8992.922457,7836.031994,261116.5898
317,WELLESLEY,111991.5677,168063.6749,105044.0256,131945.5818,18512.92588,52841.47127,24992.37301,44958.23503,19815.30704,55108.01848,42627.68653,29523.65061,805424.5179,3695.841212,5224.300829,3788.601025,3237.985511,608.726483,1657.381915,915.054263,1089.386771,609.514094,1562.184286,1492.14445,675.609868,24556.73071,9.675046,14.819488,10.127999,10.272494,1.600977,4.671305,2.416533,3.495703,4.885531,13.054821,12.017929,5.873016,92.910841,42.081267,64.116461,39.463015,51.300624,6.972718,20.084864,9.372469,17.577236,40.681756,110.034116,91.272716,55.993518,548.95076,282.737103,556.452081,388.462675,359.252726,46.547398,174.750418,92.054181,124.001168,74.616988,253.02698,220.519723,112.028222,2684.449665,45683.48859,71437.2534,48534.75719,50361.41848,7558.448669,22496.88428,11568.83901,17149.7092,13070.13531,37448.37652,32313.42626,18020.69985,375643.4368
320,WENHAM,23122.79983,81396.28488,38613.98322,57661.69332,4999.328426,27328.03056,10993.97766,19416.70105,3122.27798,8886.079964,4551.366164,3558.951278,283651.4743,726.634512,4608.836032,1823.700039,1694.577546,154.933246,1547.102981,522.082967,560.464425,93.994426,502.055595,223.855473,100.644758,12558.882,1.948427,10.000207,4.364904,4.739712,0.419508,3.353515,1.245092,1.586692,0.751175,3.485322,1.679141,0.813364,34.38706,8.728841,32.956072,15.090489,21.743469,1.889632,11.035567,4.289365,7.350133,6.326767,22.757357,11.169798,7.047761,150.385251,57.033969,309.831799,151.984931,148.966899,12.325347,103.661171,43.240866,50.514254,11.744705,48.960618,26.47194,13.672482,978.408983,9192.948327,45233.61067,20314.75921,22676.21442,1982.915512,15176.77653,5795.215712,7610.730192,2034.985495,8038.897345,4059.390957,2286.532981,144402.9773
333,WESTON,182379.2189,255249.6555,194067.8027,186666.5125,34143.24927,80047.93334,50087.14857,56885.92053,34872.47451,98073.81773,32687.50643,38716.16178,1243877.402,5641.506995,7190.191107,6091.613109,4150.371087,1037.876411,2239.65846,1547.180959,1262.466577,1031.165711,2613.018536,1024.636398,791.662933,34621.34828,15.595988,21.919159,17.817311,14.171181,2.907195,6.845581,4.558331,4.321824,8.419902,22.251993,8.416315,7.097241,134.322023,70.151939,99.857363,75.495809,74.46152,13.181084,31.272075,19.506357,22.764217,71.246399,193.984313,67.574934,72.600357,812.096367,479.446972,876.302434,759.366303,507.519757,89.362324,274.240744,195.604509,154.706572,133.163476,456.659865,173.027518,142.726332,4242.126806,74086.35,106613.7067,86261.65848,70526.81405,13836.35395,33318.0708,22100.87681,21516.51414,22910.69915,65754.72124,23846.22196,23171.17009,563943.1573
335,WESTWOOD,81523.65776,127900.405,79035.59767,84487.32506,12247.19723,35221.52965,16487.47736,24312.76873,15290.00231,41878.70439,24819.75379,18944.47879,562148.8978,2842.003036,4123.053816,2706.359332,2169.649291,425.115124,1190.761153,592.904507,649.887123,488.271762,1312.68039,797.415576,450.564315,17748.66543,7.386812,11.632771,7.628109,6.540661,1.104278,3.265946,1.608809,1.90262,3.810392,10.640316,6.479552,3.807986,65.80825,32.270102,49.981454,31.032121,31.874595,4.814619,13.696015,6.433593,9.10359,31.769029,86.706852,51.777805,35.458941,384.918715,220.044392,432.664472,307.623069,212.182224,32.453832,117.950936,63.200211,60.059468,59.290556,199.988144,131.845113,67.719966,1905.022383,34491.26962,55678.53818,36472.98465,32131.53137,5158.390308,15543.4015,7667.883539,9309.905157,10235.13444,29684.44415,18274.66129,11445.10513,266093.2493
336,WEYMOUTH,116853.5017,235550.1676,138736.5533,182061.7942,22719.09152,72730.27186,33803.07817,56282.32849,26635.34864,76192.73013,32573.08884,35716.14412,1029854.099,4407.035608,10167.91121,6089.638233,4912.156162,818.089418,3184.921579,1434.533233,1550.598834,926.209879,3067.141027,1372.958194,895.125543,38826.31892,10.865119,24.783774,14.911628,14.430045,2.0607,7.706572,3.559554,4.484067,7.110293,23.396995,10.43266,7.452724,131.19413,44.42218,92.574317,53.99574,69.028842,8.61545,28.606671,13.15186,21.210371,56.371428,171.864038,74.254211,68.492609,702.587717,295.841663,826.198832,538.767657,456.027535,56.953421,254.857849,130.286862,139.877719,101.257006,381.311305,178.181926,129.384739,3488.946516,50236.58936,115010.1925,70083.31623,70300.85806,9593.340355,35691.63425,16772.04683,21786.77293,18223.6013,59609.76572,26699.87435,22086.48098,516094.4729
342,WILMINGTON,200424.0443,300862.3596,199467.556,239224.2276,37246.23333,89070.16886,50742.95879,68418.12918,39409.85224,110178.1017,48734.277,52067.18535,1435845.094,5941.556873,8188.974239,6095.631037,5153.723821,1097.986553,2507.589174,1556.850368,1528.079671,1135.341305,2830.257701,1400.513707,1060.319091,38496.82354,16.568687,25.590987,18.102465,18.465468,3.072967,7.673272,4.622442,5.3177,9.210909,24.292772,11.848115,9.647607,154.413391,76.29124,119.016052,77.684163,98.841775,14.232832,35.154715,19.841021,28.029762,78.892585,216.096258,98.464434,100.789433,963.334269,512.686016,1037.602143,773.518013,665.880054,95.227377,305.825471,196.931097,188.369801,146.500523,511.412679,253.279014,198.133993,4885.366181,79319.08872,124833.4346,87851.60909,91443.29894,14713.01062,37282.73085,22412.89618,26251.8747,25331.15108,73120.78885,34542.10705,31992.67239,649094.6631
344,WINCHESTER,41012.41131,70198.88844,41278.6692,48001.27185,6675.385438,22769.64497,8733.884739,15198.05024,5147.251133,14218.4273,9168.600607,6767.061595,289169.5468,1443.408529,2461.92676,1510.184152,1432.200422,232.282135,796.633767,308.378257,447.52753,182.088028,491.669247,330.398991,193.849773,9830.547591,3.625694,6.494037,3.943738,3.900885,0.586224,2.107107,0.83226,1.233879,1.40129,3.940226,2.657485,1.559571,32.282398,15.160025,25.970057,15.359075,17.669469,2.459847,8.42076,3.252412,5.599567,10.979078,30.141068,19.731436,13.257886,168.000679,98.618389,219.65858,146.14867,117.888434,16.033746,71.096978,30.853291,37.326741,19.553864,66.195521,47.449996,24.611927,895.436137,16863.62244,30834.35905,18857.85496,18768.9142,2730.315468,10010.3271,3984.596332,5943.45145,3543.865378,10386.75328,7031.343234,4307.973714,133263.3766
346,WINTHROP,8419.987398,12072.01904,7751.529296,8452.512993,1440.925013,3542.061325,1545.133343,2384.891513,1201.921066,3404.971481,1644.604291,1678.773227,53539.32999,382.119391,550.27586,348.52143,373.194275,66.8155,163.800626,72.015089,107.519623,55.536623,156.577954,76.346321,75.933924,2428.656616,0.885217,1.321898,0.865231,0.879256,0.15291,0.391081,0.17357,0.250558,0.404455,1.163811,0.568565,0.555136,7.611687,3.409002,4.888636,3.137556,3.404181,0.583338,1.438374,0.626004,0.96363,2.86278,8.07226,3.896534,3.94731,37.229604,22.805664,42.422056,30.523587,23.698152,3.940019,12.525274,6.114574,6.745032,5.191616,17.826473,9.436219,7.419812,188.648477,3975.265186,6081.934724,4030.039958,3987.044914,684.92341,1797.195521,807.703938,1134.046717,942.761582,2840.742389,1418.409651,1317.225809,29017.2938
347,WOBURN,192517.8741,269949.8021,190476.2172,211216.2148,31771.11182,77094.63749,41837.2643,61380.4691,46108.45991,134106.1394,53711.83991,62910.33039,1373080.361,5731.516589,7384.676469,5453.611566,4519.840441,936.503806,2185.046588,1213.16679,1347.426821,1331.95714,3548.783142,1571.929003,1336.994026,36561.45238,15.949451,22.916366,16.838268,15.782876,2.625126,6.631002,3.709374,4.611312,10.922587,30.32282,13.287256,11.846726,155.443163,72.604006,105.502787,73.886145,84.129743,12.019274,30.003406,16.216897,24.321699,92.871519,264.960986,108.70643,118.603609,1003.826502,488.252209,928.61326,737.679086,569.39482,80.550445,262.837735,161.348845,164.293862,171.825261,625.610154,277.695287,231.003279,4699.104244,76263.44493,111648.4024,82162.23701,79148.09878,12562.0482,32183.82167,18088.2281,23069.15022,29828.75206,89847.87431,38254.90267,37931.87089,630988.8312
350,WRENTHAM,111163.3609,222967.9798,137742.6495,162429.2524,20159.09932,65886.34864,37100.00081,47327.99047,19957.56031,56513.45549,34284.9948,26868.29353,942400.986,2857.809486,6590.478038,4688.638603,3628.39143,535.653875,2015.770687,1344.471148,1075.257631,446.640811,1408.597658,1144.252662,540.271505,26276.23353,8.828213,19.489611,13.303758,12.461025,1.614177,5.834207,3.689216,3.63874,3.854462,12.089917,9.176549,4.918146,98.898021,44.164293,87.234143,55.032256,65.80936,7.933121,25.666191,14.814816,19.075173,38.559089,109.841201,72.563681,51.882556,592.575879,280.655933,742.28819,547.95093,434.040237,50.287797,218.067261,147.653346,125.448722,70.938123,256.074948,184.029887,101.856824,3159.292197,43070.10472,94415.66484,63818.19094,61881.72801,7843.413717,28138.96403,17587.69255,18055.32245,12192.20194,37096.01347,25706.069,16455.91163,426261.2773
